NaN,NaN,NaN,NaN,NaN,NaN,NaN,NaN,NaN,NaN,NaN,NaN,NaN,NaN,NaN,NaN,NaN,NaN,NaN,NaN,NaN,NaN,NaN,NaN,NaN,NaN,NaN,NaN,NaN,NaN,NaN,NaN,NaN,NaN,NaN,NaN,NaN,NaN,NaN,NaN,NaN,NaN,NaN,NaN,NaN,NaN,NaN,NaN,NaN,NaN,NaN,NaN,NaN,NaN,NaN,NaN,NaN,NaN,NaN,NaN,NaN,NaN,NaN,NaN,NaN,NaN,NaN,NaN,NaN,NaN,NaN,NaN,NaN,NaN,NaN
NaN,NaN,NaN,NaN,NaN,NaN,NaN,NaN,NaN,NaN,NaN,NaN,NaN,NaN,NaN,NaN,NaN,NaN,NaN,NaN,NaN,NaN,NaN,NaN,NaN,NaN,NaN,NaN,NaN,NaN,NaN,NaN,NaN,NaN,NaN,NaN,NaN,NaN,NaN,NaN,NaN,NaN,NaN,NaN,NaN,NaN,NaN,NaN,NaN,NaN,NaN,NaN,NaN,NaN,NaN,NaN,NaN,NaN,NaN,NaN,NaN,NaN,NaN,NaN,NaN,NaN,NaN,NaN,NaN,NaN,NaN,NaN,NaN,NaN,NaN
NaN,NaN,NaN,NaN,NaN,NaN,NaN,NaN,NaN,NaN,NaN,NaN,NaN,NaN,NaN,NaN,NaN,NaN,NaN,NaN,NaN,NaN,NaN,NaN,NaN,NaN,NaN,NaN,NaN,NaN,NaN,NaN,NaN,NaN,NaN,NaN,NaN,NaN,NaN,NaN,NaN,NaN,NaN,NaN,NaN,NaN,NaN,NaN,NaN,NaN,NaN,NaN,NaN,NaN,NaN,NaN,NaN,NaN,NaN,NaN,NaN,NaN,NaN,NaN,NaN,NaN,NaN,NaN,NaN,NaN,NaN,NaN,NaN,NaN,NaN
NaN,NaN,NaN,NaN,NaN,NaN,NaN,NaN,NaN,NaN,NaN,NaN,NaN,NaN,NaN,NaN,NaN,NaN,NaN,NaN,NaN,NaN,NaN,NaN,NaN,NaN,NaN,NaN,NaN,NaN,NaN,NaN,NaN,NaN,NaN,NaN,NaN,NaN,NaN,NaN,NaN,NaN,NaN,NaN,NaN,NaN,NaN,NaN,NaN,NaN,NaN,NaN,NaN,NaN,NaN,NaN,NaN,NaN,NaN,NaN,NaN,NaN,NaN,NaN,NaN,NaN,NaN,NaN,NaN,NaN,NaN,NaN,NaN,NaN,NaN
NaN,NaN,NaN,NaN,NaN,NaN,NaN,NaN,NaN,NaN,NaN,NaN,NaN,NaN,NaN,NaN,NaN,NaN,NaN,NaN,NaN,NaN,NaN,NaN,NaN,NaN,NaN,NaN,NaN,NaN,NaN,NaN,NaN,NaN,NaN,NaN,NaN,NaN,NaN,NaN,NaN,NaN,NaN,NaN,NaN,NaN,NaN,NaN,NaN,NaN,NaN,NaN,NaN,NaN,NaN,NaN,NaN,NaN,NaN,NaN,NaN,NaN,NaN,NaN,NaN,NaN,NaN,NaN,NaN,NaN,NaN,NaN,NaN,NaN,NaN
NaN,NaN,NaN,NaN,NaN,NaN,NaN,NaN,NaN,NaN,NaN,NaN,NaN,NaN,NaN,NaN,NaN,NaN,NaN,NaN,NaN,NaN,NaN,NaN,NaN,NaN,NaN,NaN,NaN,NaN,NaN,NaN,NaN,NaN,NaN,NaN,NaN,NaN,NaN,NaN,NaN,NaN,NaN,NaN,NaN,NaN,NaN,NaN,NaN,NaN,NaN,NaN,NaN,NaN,NaN,NaN,NaN,NaN,NaN,NaN,NaN,NaN,NaN,NaN,NaN,NaN,NaN,NaN,NaN,NaN,NaN,NaN,NaN,NaN,NaN
NaN,NaN,NaN,NaN,NaN,NaN,NaN,NaN,NaN,NaN,NaN,NaN,NaN,NaN,NaN,NaN,NaN,NaN,NaN,NaN,NaN,NaN,NaN,NaN,NaN,NaN,NaN,NaN,NaN,NaN,NaN,NaN,NaN,NaN,NaN,NaN,NaN,NaN,NaN,NaN,NaN,NaN,NaN,NaN,NaN,NaN,NaN,NaN,NaN,NaN,NaN,NaN,NaN,NaN,NaN,NaN,NaN,NaN,NaN,NaN,NaN,NaN,NaN,NaN,NaN,NaN,NaN,NaN,NaN,NaN,NaN,NaN,NaN,NaN,NaN
NaN,NaN,NaN,NaN,NaN,NaN,NaN,NaN,NaN,NaN,NaN,NaN,NaN,NaN,NaN,NaN,NaN,NaN,NaN,NaN,NaN,NaN,NaN,NaN,NaN,NaN,NaN,NaN,NaN,NaN,NaN,NaN,NaN,NaN,NaN,NaN,NaN,NaN,NaN,NaN,NaN,NaN,NaN,NaN,NaN,NaN,NaN,NaN,NaN,NaN,NaN,NaN,NaN,NaN,NaN,NaN,NaN,NaN,NaN,NaN,NaN,NaN,NaN,NaN,NaN,NaN,NaN,NaN,NaN,NaN,NaN,NaN,NaN,NaN,NaN
NaN,NaN,NaN,NaN,NaN,NaN,NaN,NaN,NaN,NaN,NaN,NaN,NaN,NaN,NaN,NaN,NaN,NaN,NaN,NaN,NaN,NaN,NaN,NaN,NaN,NaN,NaN,NaN,NaN,NaN,NaN,NaN,NaN,NaN,NaN,NaN,NaN,NaN,NaN,NaN,NaN,NaN,NaN,NaN,NaN,NaN,NaN,NaN,NaN,NaN,NaN,NaN,NaN,NaN,NaN,NaN,NaN,NaN,NaN,NaN,NaN,NaN,NaN,NaN,NaN,NaN,NaN,NaN,NaN,NaN,NaN,NaN,NaN,NaN,NaN
NaN,NaN,NaN,NaN,NaN,NaN,NaN,NaN,NaN,NaN,NaN,NaN,NaN,NaN,NaN,NaN,NaN,NaN,NaN,NaN,NaN,NaN,NaN,NaN,NaN,NaN,NaN,NaN,NaN,NaN,NaN,NaN,NaN,NaN,NaN,NaN,NaN,NaN,NaN,NaN,NaN,NaN,NaN,NaN,NaN,NaN,NaN,NaN,NaN,NaN,NaN,NaN,NaN,NaN,NaN,NaN,NaN,NaN,NaN,NaN,NaN,NaN,NaN,NaN,NaN,NaN,NaN,NaN,NaN,NaN,NaN,NaN,NaN,NaN,NaN
NaN,NaN,NaN,NaN,NaN,NaN,NaN,NaN,NaN,NaN,NaN,NaN,NaN,NaN,NaN,NaN,NaN,NaN,NaN,NaN,NaN,NaN,NaN,NaN,NaN,NaN,NaN,NaN,NaN,NaN,NaN,NaN,NaN,NaN,NaN,NaN,NaN,NaN,NaN,NaN,NaN,NaN,NaN,NaN,NaN,NaN,NaN,NaN,NaN,NaN,NaN,NaN,NaN,NaN,NaN,NaN,NaN,NaN,NaN,NaN,NaN,NaN,NaN,NaN,NaN,NaN,NaN,NaN,NaN,NaN,NaN,NaN,NaN,NaN,NaN
NaN,NaN,NaN,NaN,NaN,NaN,NaN,NaN,NaN,NaN,NaN,NaN,NaN,NaN,NaN,NaN,NaN,NaN,NaN,NaN,NaN,NaN,NaN,NaN,NaN,NaN,NaN,NaN,NaN,NaN,NaN,NaN,NaN,NaN,NaN,NaN,NaN,NaN,NaN,NaN,NaN,NaN,NaN,NaN,NaN,NaN,NaN,NaN,NaN,NaN,NaN,NaN,NaN,NaN,NaN,NaN,NaN,NaN,NaN,NaN,NaN,NaN,NaN,NaN,NaN,NaN,NaN,NaN,NaN,NaN,NaN,NaN,NaN,NaN,NaN
NaN,NaN,NaN,NaN,NaN,NaN,NaN,NaN,NaN,NaN,NaN,NaN,NaN,NaN,NaN,NaN,NaN,NaN,NaN,NaN,NaN,NaN,NaN,NaN,NaN,NaN,NaN,NaN,NaN,NaN,NaN,NaN,NaN,NaN,NaN,NaN,NaN,NaN,NaN,NaN,NaN,NaN,NaN,NaN,NaN,NaN,NaN,NaN,NaN,NaN,NaN,NaN,NaN,NaN,NaN,NaN,NaN,NaN,NaN,NaN,NaN,NaN,NaN,NaN,NaN,NaN,NaN,NaN,NaN,NaN,NaN,NaN,NaN,NaN,NaN
NaN,NaN,NaN,NaN,NaN,NaN,NaN,NaN,NaN,NaN,NaN,NaN,NaN,NaN,NaN,NaN,NaN,NaN,NaN,NaN,NaN,NaN,NaN,NaN,NaN,NaN,NaN,NaN,NaN,NaN,NaN,NaN,NaN,NaN,NaN,NaN,NaN,NaN,NaN,NaN,NaN,NaN,NaN,NaN,NaN,NaN,NaN,NaN,NaN,NaN,NaN,NaN,NaN,NaN,NaN,NaN,NaN,NaN,NaN,NaN,NaN,NaN,NaN,NaN,NaN,NaN,NaN,NaN,NaN,NaN,NaN,NaN,NaN,NaN,NaN
NaN,NaN,NaN,NaN,NaN,NaN,NaN,NaN,NaN,NaN,NaN,NaN,NaN,NaN,NaN,NaN,NaN,NaN,NaN,NaN,NaN,NaN,NaN,NaN,NaN,NaN,NaN,NaN,NaN,NaN,NaN,NaN,NaN,NaN,NaN,NaN,NaN,NaN,NaN,NaN,NaN,NaN,NaN,NaN,NaN,NaN,NaN,NaN,NaN,NaN,NaN,NaN,NaN,NaN,NaN,NaN,NaN,NaN,NaN,NaN,NaN,NaN,NaN,NaN,NaN,NaN,NaN,NaN,NaN,NaN,NaN,NaN,NaN,NaN,NaN
NaN,NaN,NaN,NaN,NaN,NaN,NaN,NaN,NaN,NaN,NaN,NaN,NaN,NaN,NaN,NaN,NaN,NaN,NaN,NaN,NaN,NaN,NaN,NaN,NaN,NaN,NaN,NaN,NaN,NaN,NaN,NaN,NaN,NaN,NaN,NaN,NaN,NaN,NaN,NaN,NaN,NaN,NaN,NaN,NaN,NaN,NaN,NaN,NaN,NaN,NaN,NaN,NaN,NaN,NaN,NaN,NaN,NaN,NaN,NaN,NaN,NaN,NaN,NaN,NaN,NaN,NaN,NaN,NaN,NaN,NaN,NaN,NaN,NaN,NaN
NaN,NaN,NaN,NaN,NaN,NaN,NaN,NaN,NaN,NaN,NaN,NaN,NaN,NaN,NaN,NaN,NaN,NaN,NaN,NaN,NaN,NaN,NaN,NaN,NaN,NaN,NaN,NaN,NaN,NaN,NaN,NaN,NaN,NaN,NaN,NaN,NaN,NaN,NaN,NaN,NaN,NaN,NaN,NaN,NaN,NaN,NaN,NaN,NaN,NaN,NaN,NaN,NaN,NaN,NaN,NaN,NaN,NaN,NaN,NaN,NaN,NaN,NaN,NaN,NaN,NaN,NaN,NaN,NaN,NaN,NaN,NaN,NaN,NaN,NaN
NaN,NaN,NaN,NaN,NaN,NaN,NaN,NaN,NaN,NaN,NaN,NaN,NaN,NaN,NaN,NaN,NaN,NaN,NaN,NaN,NaN,NaN,NaN,NaN,NaN,NaN,NaN,NaN,NaN,NaN,NaN,NaN,NaN,NaN,NaN,NaN,NaN,NaN,NaN,NaN,NaN,NaN,NaN,NaN,NaN,NaN,NaN,NaN,NaN,NaN,NaN,NaN,NaN,NaN,NaN,NaN,NaN,NaN,NaN,NaN,NaN,NaN,NaN,NaN,NaN,NaN,NaN,NaN,NaN,NaN,NaN,NaN,NaN,NaN,NaN
NaN,NaN,NaN,NaN,NaN,NaN,NaN,NaN,NaN,NaN,NaN,NaN,NaN,NaN,NaN,NaN,NaN,NaN,NaN,NaN,NaN,NaN,NaN,NaN,NaN,NaN,NaN,NaN,NaN,NaN,NaN,NaN,NaN,NaN,NaN,NaN,NaN,NaN,NaN,NaN,NaN,NaN,NaN,NaN,NaN,NaN,NaN,NaN,NaN,NaN,NaN,NaN,NaN,NaN,NaN,NaN,NaN,NaN,NaN,NaN,NaN,NaN,NaN,NaN,NaN,NaN,NaN,NaN,NaN,NaN,NaN,NaN,NaN,NaN,NaN
NaN,NaN,NaN,NaN,NaN,NaN,NaN,NaN,NaN,NaN,NaN,NaN,NaN,NaN,NaN,NaN,NaN,NaN,NaN,NaN,NaN,NaN,NaN,NaN,NaN,NaN,NaN,NaN,NaN,NaN,NaN,NaN,NaN,NaN,NaN,NaN,NaN,NaN,NaN,NaN,NaN,NaN,NaN,NaN,NaN,NaN,NaN,NaN,NaN,NaN,NaN,NaN,NaN,NaN,NaN,NaN,NaN,NaN,NaN,NaN,NaN,NaN,NaN,NaN,NaN,NaN,NaN,NaN,NaN,NaN,NaN,NaN,NaN,NaN,NaN
NaN,NaN,NaN,NaN,NaN,NaN,NaN,NaN,NaN,NaN,NaN,NaN,NaN,NaN,NaN,NaN,NaN,NaN,NaN,NaN,NaN,NaN,NaN,NaN,NaN,NaN,NaN,NaN,NaN,NaN,NaN,NaN,NaN,NaN,NaN,NaN,NaN,NaN,NaN,NaN,NaN,NaN,NaN,NaN,NaN,NaN,NaN,NaN,NaN,NaN,NaN,NaN,NaN,NaN,NaN,NaN,NaN,NaN,NaN,NaN,NaN,NaN,NaN,NaN,NaN,NaN,NaN,NaN,NaN,NaN,NaN,NaN,NaN,NaN,NaN
NaN,NaN,NaN,NaN,NaN,NaN,NaN,NaN,NaN,NaN,NaN,NaN,NaN,NaN,NaN,NaN,NaN,NaN,NaN,NaN,NaN,NaN,NaN,NaN,NaN,NaN,NaN,NaN,NaN,NaN,NaN,NaN,NaN,NaN,NaN,NaN,NaN,NaN,NaN,NaN,NaN,NaN,NaN,NaN,NaN,NaN,NaN,NaN,NaN,NaN,NaN,NaN,NaN,NaN,NaN,NaN,NaN,NaN,NaN,NaN,NaN,NaN,NaN,NaN,NaN,NaN,NaN,NaN,NaN,NaN,NaN,NaN,NaN,NaN,NaN
NaN,NaN,NaN,NaN,NaN,NaN,NaN,NaN,NaN,NaN,NaN,NaN,NaN,NaN,NaN,NaN,NaN,NaN,NaN,NaN,NaN,NaN,NaN,NaN,NaN,NaN,NaN,NaN,NaN,NaN,NaN,NaN,NaN,NaN,NaN,NaN,NaN,NaN,NaN,NaN,NaN,NaN,NaN,NaN,NaN,NaN,NaN,NaN,NaN,NaN,NaN,NaN,NaN,NaN,NaN,NaN,NaN,NaN,NaN,NaN,NaN,NaN,NaN,NaN,NaN,NaN,NaN,NaN,NaN,NaN,NaN,NaN,NaN,NaN,NaN
NaN,NaN,NaN,NaN,NaN,NaN,NaN,NaN,NaN,NaN,NaN,NaN,NaN,NaN,NaN,NaN,NaN,NaN,NaN,NaN,NaN,NaN,NaN,NaN,NaN,NaN,NaN,NaN,NaN,NaN,NaN,NaN,NaN,NaN,NaN,NaN,NaN,NaN,NaN,NaN,NaN,NaN,NaN,NaN,NaN,NaN,NaN,NaN,NaN,NaN,NaN,NaN,NaN,NaN,NaN,NaN,NaN,NaN,NaN,NaN,NaN,NaN,NaN,NaN,NaN,NaN,NaN,NaN,NaN,NaN,NaN,NaN,NaN,NaN,NaN
NaN,NaN,NaN,NaN,NaN,NaN,NaN,NaN,NaN,NaN,NaN,NaN,NaN,NaN,NaN,NaN,NaN,NaN,NaN,NaN,NaN,NaN,NaN,NaN,NaN,NaN,NaN,NaN,NaN,NaN,NaN,NaN,NaN,NaN,NaN,NaN,NaN,NaN,NaN,NaN,NaN,NaN,NaN,NaN,NaN,NaN,NaN,NaN,NaN,NaN,NaN,NaN,NaN,NaN,NaN,NaN,NaN,NaN,NaN,NaN,NaN,NaN,NaN,NaN,NaN,NaN,NaN,NaN,NaN,NaN,NaN,NaN,NaN,NaN,NaN
NaN,NaN,NaN,NaN,NaN,NaN,NaN,NaN,NaN,NaN,NaN,NaN,NaN,NaN,NaN,NaN,NaN,NaN,NaN,NaN,NaN,NaN,NaN,NaN,NaN,NaN,NaN,NaN,NaN,NaN,NaN,NaN,NaN,NaN,NaN,NaN,NaN,NaN,NaN,NaN,NaN,NaN,NaN,NaN,NaN,NaN,NaN,NaN,NaN,NaN,NaN,NaN,NaN,NaN,NaN,NaN,NaN,NaN,NaN,NaN,NaN,NaN,NaN,NaN,NaN,NaN,NaN,NaN,NaN,NaN,NaN,NaN,NaN,NaN,NaN
NaN,NaN,NaN,NaN,NaN,NaN,NaN,NaN,NaN,NaN,NaN,NaN,NaN,NaN,NaN,NaN,NaN,NaN,NaN,NaN,NaN,NaN,NaN,NaN,NaN,NaN,NaN,NaN,NaN,NaN,NaN,NaN,NaN,NaN,NaN,NaN,NaN,NaN,NaN,NaN,NaN,NaN,NaN,NaN,NaN,NaN,NaN,NaN,NaN,NaN,NaN,NaN,NaN,NaN,NaN,NaN,NaN,NaN,NaN,NaN,NaN,NaN,NaN,NaN,NaN,NaN,NaN,NaN,NaN,NaN,NaN,NaN,NaN,NaN,NaN
NaN,NaN,NaN,NaN,NaN,NaN,NaN,NaN,NaN,NaN,NaN,NaN,NaN,NaN,NaN,NaN,NaN,NaN,NaN,NaN,NaN,NaN,NaN,NaN,NaN,NaN,NaN,NaN,NaN,NaN,NaN,NaN,NaN,NaN,NaN,NaN,NaN,NaN,NaN,NaN,NaN,NaN,NaN,NaN,NaN,NaN,NaN,NaN,NaN,NaN,NaN,NaN,NaN,NaN,NaN,NaN,NaN,NaN,NaN,NaN,NaN,NaN,NaN,NaN,NaN,NaN,NaN,NaN,NaN,NaN,NaN,NaN,NaN,NaN,NaN
NaN,NaN,NaN,NaN,NaN,NaN,NaN,NaN,NaN,NaN,NaN,NaN,NaN,NaN,NaN,NaN,NaN,NaN,NaN,NaN,NaN,NaN,NaN,NaN,NaN,NaN,NaN,NaN,NaN,NaN,NaN,NaN,NaN,NaN,NaN,NaN,NaN,NaN,NaN,NaN,NaN,NaN,NaN,NaN,NaN,NaN,NaN,NaN,NaN,NaN,NaN,NaN,NaN,NaN,NaN,NaN,NaN,NaN,NaN,NaN,NaN,NaN,NaN,NaN,NaN,NaN,NaN,NaN,NaN,NaN,NaN,NaN,NaN,NaN,NaN
NaN,NaN,NaN,NaN,NaN,NaN,NaN,NaN,NaN,NaN,NaN,NaN,NaN,NaN,NaN,NaN,NaN,NaN,NaN,NaN,NaN,NaN,NaN,NaN,NaN,NaN,NaN,NaN,NaN,NaN,NaN,NaN,NaN,NaN,NaN,NaN,NaN,NaN,NaN,NaN,NaN,NaN,NaN,NaN,NaN,NaN,NaN,NaN,NaN,NaN,NaN,NaN,NaN,NaN,NaN,NaN,NaN,NaN,NaN,NaN,NaN,NaN,NaN,NaN,NaN,NaN,NaN,NaN,NaN,NaN,NaN,NaN,NaN,NaN,NaN
NaN,NaN,NaN,NaN,NaN,NaN,NaN,NaN,NaN,NaN,NaN,NaN,NaN,NaN,NaN,NaN,NaN,NaN,NaN,NaN,NaN,NaN,NaN,NaN,NaN,NaN,NaN,NaN,NaN,NaN,NaN,NaN,NaN,NaN,NaN,NaN,NaN,NaN,NaN,NaN,NaN,NaN,NaN,NaN,NaN,NaN,NaN,NaN,NaN,NaN,NaN,NaN,NaN,NaN,NaN,NaN,NaN,NaN,NaN,NaN,NaN,NaN,NaN,NaN,NaN,NaN,NaN,NaN,NaN,NaN,NaN,NaN,NaN,NaN,NaN
NaN,NaN,NaN,NaN,NaN,NaN,NaN,NaN,NaN,NaN,NaN,NaN,NaN,NaN,NaN,NaN,NaN,NaN,NaN,NaN,NaN,NaN,NaN,NaN,NaN,NaN,NaN,NaN,NaN,NaN,NaN,NaN,NaN,NaN,NaN,NaN,NaN,NaN,NaN,NaN,NaN,NaN,NaN,NaN,NaN,NaN,NaN,NaN,NaN,NaN,NaN,NaN,NaN,NaN,NaN,NaN,NaN,NaN,NaN,NaN,NaN,NaN,NaN,NaN,NaN,NaN,NaN,NaN,NaN,NaN,NaN,NaN,NaN,NaN,NaN
NaN,NaN,NaN,NaN,NaN,NaN,NaN,NaN,NaN,NaN,NaN,NaN,NaN,NaN,NaN,NaN,NaN,NaN,NaN,NaN,NaN,NaN,NaN,NaN,NaN,NaN,NaN,NaN,NaN,NaN,NaN,NaN,NaN,NaN,NaN,NaN,NaN,NaN,NaN,NaN,NaN,NaN,NaN,NaN,NaN,NaN,NaN,NaN,NaN,NaN,NaN,NaN,NaN,NaN,NaN,NaN,NaN,NaN,NaN,NaN,NaN,NaN,NaN,NaN,NaN,NaN,NaN,NaN,NaN,NaN,NaN,NaN,NaN,NaN,NaN
NaN,NaN,NaN,NaN,NaN,NaN,NaN,NaN,NaN,NaN,NaN,NaN,NaN,NaN,NaN,NaN,NaN,NaN,NaN,NaN,NaN,NaN,NaN,NaN,NaN,NaN,NaN,NaN,NaN,NaN,NaN,NaN,NaN,NaN,NaN,NaN,NaN,NaN,NaN,NaN,NaN,NaN,NaN,NaN,NaN,NaN,NaN,NaN,NaN,NaN,NaN,NaN,NaN,NaN,NaN,NaN,NaN,NaN,NaN,NaN,NaN,NaN,NaN,NaN,NaN,NaN,NaN,NaN,NaN,NaN,NaN,NaN,NaN,NaN,NaN
NaN,NaN,NaN,NaN,NaN,NaN,NaN,NaN,NaN,NaN,NaN,NaN,NaN,NaN,NaN,NaN,NaN,NaN,NaN,NaN,NaN,NaN,NaN,NaN,NaN,NaN,NaN,NaN,NaN,NaN,NaN,NaN,NaN,NaN,NaN,NaN,NaN,NaN,NaN,NaN,NaN,NaN,NaN,NaN,NaN,NaN,NaN,NaN,NaN,NaN,NaN,NaN,NaN,NaN,NaN,NaN,NaN,NaN,NaN,NaN,NaN,NaN,NaN,NaN,NaN,NaN,NaN,NaN,NaN,NaN,NaN,NaN,NaN,NaN,NaN
NaN,NaN,NaN,NaN,NaN,NaN,NaN,NaN,NaN,NaN,NaN,NaN,NaN,NaN,NaN,NaN,NaN,NaN,NaN,NaN,NaN,NaN,NaN,NaN,NaN,NaN,NaN,NaN,NaN,NaN,NaN,NaN,NaN,NaN,NaN,NaN,NaN,NaN,NaN,NaN,NaN,NaN,NaN,NaN,NaN,NaN,NaN,NaN,NaN,NaN,NaN,NaN,NaN,NaN,NaN,NaN,NaN,NaN,NaN,NaN,NaN,NaN,NaN,NaN,NaN,NaN,NaN,NaN,NaN,NaN,NaN,NaN,NaN,NaN,NaN
NaN,NaN,NaN,NaN,NaN,NaN,NaN,NaN,NaN,NaN,NaN,NaN,NaN,NaN,NaN,NaN,NaN,NaN,NaN,NaN,NaN,NaN,NaN,NaN,NaN,NaN,NaN,NaN,NaN,NaN,NaN,NaN,NaN,NaN,NaN,NaN,NaN,NaN,NaN,NaN,NaN,NaN,NaN,NaN,NaN,NaN,NaN,NaN,NaN,NaN,NaN,NaN,NaN,NaN,NaN,NaN,NaN,NaN,NaN,NaN,NaN,NaN,NaN,NaN,NaN,NaN,NaN,NaN,NaN,NaN,NaN,NaN,NaN,NaN,NaN
NaN,NaN,NaN,NaN,NaN,NaN,NaN,NaN,NaN,NaN,NaN,NaN,NaN,NaN,NaN,NaN,NaN,NaN,NaN,NaN,NaN,NaN,NaN,NaN,NaN,NaN,NaN,NaN,NaN,NaN,NaN,NaN,NaN,NaN,NaN,NaN,NaN,NaN,NaN,NaN,NaN,NaN,NaN,NaN,NaN,NaN,NaN,NaN,NaN,NaN,NaN,NaN,NaN,NaN,NaN,NaN,NaN,NaN,NaN,NaN,NaN,NaN,NaN,NaN,NaN,NaN,NaN,NaN,NaN,NaN,NaN,NaN,NaN,NaN,NaN
NaN,NaN,NaN,NaN,NaN,NaN,NaN,NaN,NaN,NaN,NaN,NaN,NaN,NaN,NaN,NaN,NaN,NaN,NaN,NaN,NaN,NaN,NaN,NaN,NaN,NaN,NaN,NaN,NaN,NaN,NaN,NaN,NaN,NaN,NaN,NaN,NaN,NaN,NaN,NaN,NaN,NaN,NaN,NaN,NaN,NaN,NaN,NaN,NaN,NaN,NaN,NaN,NaN,NaN,NaN,NaN,NaN,NaN,NaN,NaN,NaN,NaN,NaN,NaN,NaN,NaN,NaN,NaN,NaN,NaN,NaN,NaN,NaN,NaN,NaN
NaN,NaN,NaN,NaN,NaN,NaN,NaN,NaN,NaN,NaN,NaN,NaN,NaN,NaN,NaN,NaN,NaN,NaN,NaN,NaN,NaN,NaN,NaN,NaN,NaN,NaN,NaN,NaN,NaN,NaN,NaN,NaN,NaN,NaN,NaN,NaN,NaN,NaN,NaN,NaN,NaN,NaN,NaN,NaN,NaN,NaN,NaN,NaN,NaN,NaN,NaN,NaN,NaN,NaN,NaN,NaN,NaN,NaN,NaN,NaN,NaN,NaN,NaN,NaN,NaN,NaN,NaN,NaN,NaN,NaN,NaN,NaN,NaN,NaN,NaN
NaN,NaN,NaN,NaN,NaN,NaN,NaN,NaN,NaN,NaN,NaN,NaN,NaN,NaN,NaN,NaN,NaN,NaN,NaN,NaN,NaN,NaN,NaN,NaN,NaN,NaN,NaN,NaN,NaN,NaN,NaN,NaN,NaN,NaN,NaN,NaN,NaN,NaN,NaN,NaN,NaN,NaN,NaN,NaN,NaN,NaN,NaN,NaN,NaN,NaN,NaN,NaN,NaN,NaN,NaN,NaN,NaN,NaN,NaN,NaN,NaN,NaN,NaN,NaN,NaN,NaN,NaN,NaN,NaN,NaN,NaN,NaN,NaN,NaN,NaN
NaN,NaN,NaN,NaN,NaN,NaN,NaN,NaN,NaN,NaN,NaN,NaN,NaN,NaN,NaN,NaN,NaN,NaN,NaN,NaN,NaN,NaN,NaN,NaN,NaN,NaN,NaN,NaN,NaN,NaN,NaN,NaN,NaN,NaN,NaN,NaN,NaN,NaN,NaN,NaN,NaN,NaN,NaN,NaN,NaN,NaN,NaN,NaN,NaN,NaN,NaN,NaN,NaN,NaN,NaN,NaN,NaN,NaN,NaN,NaN,NaN,NaN,NaN,NaN,NaN,NaN,NaN,NaN,NaN,NaN,NaN,NaN,NaN,NaN,NaN
NaN,NaN,NaN,NaN,NaN,NaN,NaN,NaN,NaN,NaN,NaN,NaN,NaN,NaN,NaN,NaN,NaN,NaN,NaN,NaN,NaN,NaN,NaN,NaN,NaN,NaN,NaN,NaN,NaN,NaN,NaN,NaN,NaN,NaN,NaN,NaN,NaN,NaN,NaN,NaN,NaN,NaN,NaN,NaN,NaN,NaN,NaN,NaN,NaN,NaN,NaN,NaN,NaN,NaN,NaN,NaN,NaN,NaN,NaN,NaN,NaN,NaN,NaN,NaN,NaN,NaN,NaN,NaN,NaN,NaN,NaN,NaN,NaN,NaN,NaN
NaN,NaN,NaN,NaN,NaN,NaN,NaN,NaN,NaN,NaN,NaN,NaN,NaN,NaN,NaN,NaN,NaN,NaN,NaN,NaN,NaN,NaN,NaN,NaN,NaN,NaN,NaN,NaN,NaN,NaN,NaN,NaN,NaN,NaN,NaN,NaN,NaN,NaN,NaN,NaN,NaN,NaN,NaN,NaN,NaN,NaN,NaN,NaN,NaN,NaN,NaN,NaN,NaN,NaN,NaN,NaN,NaN,NaN,NaN,NaN,NaN,NaN,NaN,NaN,NaN,NaN,NaN,NaN,NaN,NaN,NaN,NaN,NaN,NaN,NaN
NaN,NaN,NaN,NaN,NaN,NaN,NaN,NaN,NaN,NaN,NaN,NaN,NaN,NaN,NaN,NaN,NaN,NaN,NaN,NaN,NaN,NaN,NaN,NaN,NaN,NaN,NaN,NaN,NaN,NaN,NaN,NaN,NaN,NaN,NaN,NaN,NaN,NaN,NaN,NaN,NaN,NaN,NaN,NaN,NaN,NaN,NaN,NaN,NaN,NaN,NaN,NaN,NaN,NaN,NaN,NaN,NaN,NaN,NaN,NaN,NaN,NaN,NaN,NaN,NaN,NaN,NaN,NaN,NaN,NaN,NaN,NaN,NaN,NaN,NaN
NaN,NaN,NaN,NaN,NaN,NaN,NaN,NaN,NaN,NaN,NaN,NaN,NaN,NaN,NaN,NaN,NaN,NaN,NaN,NaN,NaN,NaN,NaN,NaN,NaN,NaN,NaN,NaN,NaN,NaN,NaN,NaN,NaN,NaN,NaN,NaN,NaN,NaN,NaN,NaN,NaN,NaN,NaN,NaN,NaN,NaN,NaN,NaN,NaN,NaN,NaN,NaN,NaN,NaN,NaN,NaN,NaN,NaN,NaN,NaN,NaN,NaN,NaN,NaN,NaN,NaN,NaN,NaN,NaN,NaN,NaN,NaN,NaN,NaN,NaN
NaN,NaN,NaN,NaN,NaN,NaN,NaN,NaN,NaN,NaN,NaN,NaN,NaN,NaN,NaN,NaN,NaN,NaN,NaN,NaN,NaN,NaN,NaN,NaN,NaN,NaN,NaN,NaN,NaN,NaN,NaN,NaN,NaN,NaN,NaN,NaN,NaN,NaN,NaN,NaN,NaN,NaN,NaN,NaN,NaN,NaN,NaN,NaN,NaN,NaN,NaN,NaN,NaN,NaN,NaN,NaN,NaN,NaN,NaN,NaN,NaN,NaN,NaN,NaN,NaN,NaN,NaN,NaN,NaN,NaN,NaN,NaN,NaN,NaN,NaN
NaN,NaN,NaN,NaN,NaN,NaN,NaN,NaN,NaN,NaN,NaN,NaN,NaN,NaN,NaN,NaN,NaN,NaN,NaN,NaN,NaN,NaN,NaN,NaN,NaN,NaN,NaN,NaN,NaN,NaN,NaN,NaN,NaN,NaN,NaN,NaN,NaN,NaN,NaN,NaN,NaN,NaN,NaN,NaN,NaN,NaN,NaN,NaN,NaN,NaN,NaN,NaN,NaN,NaN,NaN,NaN,NaN,NaN,NaN,NaN,NaN,NaN,NaN,NaN,NaN,NaN,NaN,NaN,NaN,NaN,NaN,NaN,NaN,NaN,NaN
NaN,NaN,NaN,NaN,NaN,NaN,NaN,NaN,NaN,NaN,NaN,NaN,NaN,NaN,NaN,NaN,NaN,NaN,NaN,NaN,NaN,NaN,NaN,NaN,NaN,NaN,NaN,NaN,NaN,NaN,NaN,NaN,NaN,NaN,NaN,NaN,NaN,NaN,NaN,NaN,NaN,NaN,NaN,NaN,NaN,NaN,NaN,NaN,NaN,NaN,NaN,NaN,NaN,NaN,NaN,NaN,NaN,NaN,NaN,NaN,NaN,NaN,NaN,NaN,NaN,NaN,NaN,NaN,NaN,NaN,NaN,NaN,NaN,NaN,NaN
NaN,NaN,NaN,NaN,NaN,NaN,NaN,NaN,NaN,NaN,NaN,NaN,NaN,NaN,NaN,NaN,NaN,NaN,NaN,NaN,NaN,NaN,NaN,NaN,NaN,NaN,NaN,NaN,NaN,NaN,NaN,NaN,NaN,NaN,NaN,NaN,NaN,NaN,NaN,NaN,NaN,NaN,NaN,NaN,NaN,NaN,NaN,NaN,NaN,NaN,NaN,NaN,NaN,NaN,NaN,NaN,NaN,NaN,NaN,NaN,NaN,NaN,NaN,NaN,NaN,NaN,NaN,NaN,NaN,NaN,NaN,NaN,NaN,NaN,NaN
NaN,NaN,NaN,NaN,NaN,NaN,NaN,NaN,NaN,NaN,NaN,NaN,NaN,NaN,NaN,NaN,NaN,NaN,NaN,NaN,NaN,NaN,NaN,NaN,NaN,NaN,NaN,NaN,NaN,NaN,NaN,NaN,NaN,NaN,NaN,NaN,NaN,NaN,NaN,NaN,NaN,NaN,NaN,NaN,NaN,NaN,NaN,NaN,NaN,NaN,NaN,NaN,NaN,NaN,NaN,NaN,NaN,NaN,NaN,NaN,NaN,NaN,NaN,NaN,NaN,NaN,NaN,NaN,NaN,NaN,NaN,NaN,NaN,NaN,NaN
NaN,NaN,NaN,NaN,NaN,NaN,NaN,NaN,NaN,NaN,NaN,NaN,NaN,NaN,NaN,NaN,NaN,NaN,NaN,NaN,NaN,NaN,NaN,NaN,NaN,NaN,NaN,NaN,NaN,NaN,NaN,NaN,NaN,NaN,NaN,NaN,NaN,NaN,NaN,NaN,NaN,NaN,NaN,NaN,NaN,NaN,NaN,NaN,NaN,NaN,NaN,NaN,NaN,NaN,NaN,NaN,NaN,NaN,NaN,NaN,NaN,NaN,NaN,NaN,NaN,NaN,NaN,NaN,NaN,NaN,NaN,NaN,NaN,NaN,NaN
NaN,NaN,NaN,NaN,NaN,NaN,NaN,NaN,NaN,NaN,NaN,NaN,NaN,NaN,NaN,NaN,NaN,NaN,NaN,NaN,NaN,NaN,NaN,NaN,NaN,NaN,NaN,NaN,NaN,NaN,NaN,NaN,NaN,NaN,NaN,NaN,NaN,NaN,NaN,NaN,NaN,NaN,NaN,NaN,NaN,NaN,NaN,NaN,NaN,NaN,NaN,NaN,NaN,NaN,NaN,NaN,NaN,NaN,NaN,NaN,NaN,NaN,NaN,NaN,NaN,NaN,NaN,NaN,NaN,NaN,NaN,NaN,NaN,NaN,NaN
NaN,NaN,NaN,NaN,NaN,NaN,NaN,NaN,NaN,NaN,NaN,NaN,NaN,NaN,NaN,NaN,NaN,NaN,NaN,NaN,NaN,NaN,NaN,NaN,NaN,NaN,NaN,NaN,NaN,NaN,NaN,NaN,NaN,NaN,NaN,NaN,NaN,NaN,NaN,NaN,NaN,NaN,NaN,NaN,NaN,NaN,NaN,NaN,NaN,NaN,NaN,NaN,NaN,NaN,NaN,NaN,NaN,NaN,NaN,NaN,NaN,NaN,NaN,NaN,NaN,NaN,NaN,NaN,NaN,NaN,NaN,NaN,NaN,NaN,NaN
NaN,NaN,NaN,NaN,NaN,NaN,NaN,NaN,NaN,NaN,NaN,NaN,NaN,NaN,NaN,NaN,NaN,NaN,NaN,NaN,NaN,NaN,NaN,NaN,NaN,NaN,NaN,NaN,NaN,NaN,NaN,NaN,NaN,NaN,NaN,NaN,NaN,NaN,NaN,NaN,NaN,NaN,NaN,NaN,NaN,NaN,NaN,NaN,NaN,NaN,NaN,NaN,NaN,NaN,NaN,NaN,NaN,NaN,NaN,NaN,NaN,NaN,NaN,NaN,NaN,NaN,NaN,NaN,NaN,NaN,NaN,NaN,NaN,NaN,NaN
NaN,NaN,NaN,NaN,NaN,NaN,NaN,NaN,NaN,NaN,NaN,NaN,NaN,NaN,NaN,NaN,NaN,NaN,NaN,NaN,NaN,NaN,NaN,NaN,NaN,NaN,NaN,NaN,NaN,NaN,NaN,NaN,NaN,NaN,NaN,NaN,NaN,NaN,NaN,NaN,NaN,NaN,NaN,NaN,NaN,NaN,NaN,NaN,NaN,NaN,NaN,NaN,NaN,NaN,NaN,NaN,NaN,NaN,NaN,NaN,NaN,NaN,NaN,NaN,NaN,NaN,NaN,NaN,NaN,NaN,NaN,NaN,NaN,NaN,NaN
NaN,NaN,NaN,NaN,NaN,NaN,NaN,NaN,NaN,NaN,NaN,NaN,NaN,NaN,NaN,NaN,NaN,NaN,NaN,NaN,NaN,NaN,NaN,NaN,NaN,NaN,NaN,NaN,NaN,NaN,NaN,NaN,NaN,NaN,NaN,NaN,NaN,NaN,NaN,NaN,NaN,NaN,NaN,NaN,NaN,NaN,NaN,NaN,NaN,NaN,NaN,NaN,NaN,NaN,NaN,NaN,NaN,NaN,NaN,NaN,NaN,NaN,NaN,NaN,NaN,NaN,NaN,NaN,NaN,NaN,NaN,NaN,NaN,NaN,NaN
NaN,NaN,NaN,NaN,NaN,NaN,NaN,NaN,NaN,NaN,NaN,NaN,NaN,NaN,NaN,NaN,NaN,NaN,NaN,NaN,NaN,NaN,NaN,NaN,NaN,NaN,NaN,NaN,NaN,NaN,NaN,NaN,NaN,NaN,NaN,NaN,NaN,NaN,NaN,NaN,NaN,NaN,NaN,NaN,NaN,NaN,NaN,NaN,NaN,NaN,NaN,NaN,NaN,NaN,NaN,NaN,NaN,NaN,NaN,NaN,NaN,NaN,NaN,NaN,NaN,NaN,NaN,NaN,NaN,NaN,NaN,NaN,NaN,NaN,NaN
NaN,NaN,NaN,NaN,NaN,NaN,NaN,NaN,NaN,NaN,NaN,NaN,NaN,NaN,NaN,NaN,NaN,NaN,NaN,NaN,NaN,NaN,NaN,NaN,NaN,NaN,NaN,NaN,NaN,NaN,NaN,NaN,NaN,NaN,NaN,NaN,NaN,NaN,NaN,NaN,NaN,NaN,NaN,NaN,NaN,NaN,NaN,NaN,NaN,NaN,NaN,NaN,NaN,NaN,NaN,NaN,NaN,NaN,NaN,NaN,NaN,NaN,NaN,NaN,NaN,NaN,NaN,NaN,NaN,NaN,NaN,NaN,NaN,NaN,NaN
NaN,NaN,NaN,NaN,NaN,NaN,NaN,NaN,NaN,NaN,NaN,NaN,NaN,NaN,NaN,NaN,NaN,NaN,NaN,NaN,NaN,NaN,NaN,NaN,NaN,NaN,NaN,NaN,NaN,NaN,NaN,NaN,NaN,NaN,NaN,NaN,NaN,NaN,NaN,NaN,NaN,NaN,NaN,NaN,NaN,NaN,NaN,NaN,NaN,NaN,NaN,NaN,NaN,NaN,NaN,NaN,NaN,NaN,NaN,NaN,NaN,NaN,NaN,NaN,NaN,NaN,NaN,NaN,NaN,NaN,NaN,NaN,NaN,NaN,NaN
NaN,NaN,NaN,NaN,NaN,NaN,NaN,NaN,NaN,NaN,NaN,NaN,NaN,NaN,NaN,NaN,NaN,NaN,NaN,NaN,NaN,NaN,NaN,NaN,NaN,NaN,NaN,NaN,NaN,NaN,NaN,NaN,NaN,NaN,NaN,NaN,NaN,NaN,NaN,NaN,NaN,NaN,NaN,NaN,NaN,NaN,NaN,NaN,NaN,NaN,NaN,NaN,NaN,NaN,NaN,NaN,NaN,NaN,NaN,NaN,NaN,NaN,NaN,NaN,NaN,NaN,NaN,NaN,NaN,NaN,NaN,NaN,NaN,NaN,NaN
NaN,NaN,NaN,NaN,NaN,NaN,NaN,NaN,NaN,NaN,NaN,NaN,NaN,NaN,NaN,NaN,NaN,NaN,NaN,NaN,NaN,NaN,NaN,NaN,NaN,NaN,NaN,NaN,NaN,NaN,NaN,NaN,NaN,NaN,NaN,NaN,NaN,NaN,NaN,NaN,NaN,NaN,NaN,NaN,NaN,NaN,NaN,NaN,NaN,NaN,NaN,NaN,NaN,NaN,NaN,NaN,NaN,NaN,NaN,NaN,NaN,NaN,NaN,NaN,NaN,NaN,NaN,NaN,NaN,NaN,NaN,NaN,NaN,NaN,NaN
NaN,NaN,NaN,NaN,NaN,NaN,NaN,NaN,NaN,NaN,NaN,NaN,NaN,NaN,NaN,NaN,NaN,NaN,NaN,NaN,NaN,NaN,NaN,NaN,NaN,NaN,NaN,NaN,NaN,NaN,NaN,NaN,NaN,NaN,NaN,NaN,NaN,NaN,NaN,NaN,NaN,NaN,NaN,NaN,NaN,NaN,NaN,NaN,NaN,NaN,NaN,NaN,NaN,NaN,NaN,NaN,NaN,NaN,NaN,NaN,NaN,NaN,NaN,NaN,NaN,NaN,NaN,NaN,NaN,NaN,NaN,NaN,NaN,NaN,NaN
NaN,NaN,NaN,NaN,NaN,NaN,NaN,NaN,NaN,NaN,NaN,NaN,NaN,NaN,NaN,NaN,NaN,NaN,NaN,NaN,NaN,NaN,NaN,NaN,NaN,NaN,NaN,NaN,NaN,NaN,NaN,NaN,NaN,NaN,NaN,NaN,NaN,NaN,NaN,NaN,NaN,NaN,NaN,NaN,NaN,NaN,NaN,NaN,NaN,NaN,NaN,NaN,NaN,NaN,NaN,NaN,NaN,NaN,NaN,NaN,NaN,NaN,NaN,NaN,NaN,NaN,NaN,NaN,NaN,NaN,NaN,NaN,NaN,NaN,NaN
NaN,NaN,NaN,NaN,NaN,NaN,NaN,NaN,NaN,NaN,NaN,NaN,NaN,NaN,NaN,NaN,NaN,NaN,NaN,NaN,NaN,NaN,NaN,NaN,NaN,NaN,NaN,NaN,NaN,NaN,NaN,NaN,NaN,NaN,NaN,NaN,NaN,NaN,NaN,NaN,NaN,NaN,NaN,NaN,NaN,NaN,NaN,NaN,NaN,NaN,NaN,NaN,NaN,NaN,NaN,NaN,NaN,NaN,NaN,NaN,NaN,NaN,NaN,NaN,NaN,NaN,NaN,NaN,NaN,NaN,NaN,NaN,NaN,NaN,NaN
NaN,NaN,NaN,NaN,NaN,NaN,NaN,NaN,NaN,NaN,NaN,NaN,NaN,NaN,NaN,NaN,NaN,NaN,NaN,NaN,NaN,NaN,NaN,NaN,NaN,NaN,NaN,NaN,NaN,NaN,NaN,NaN,NaN,NaN,NaN,NaN,NaN,NaN,NaN,NaN,NaN,NaN,NaN,NaN,NaN,NaN,NaN,NaN,NaN,NaN,NaN,NaN,NaN,NaN,NaN,NaN,NaN,NaN,NaN,NaN,NaN,NaN,NaN,NaN,NaN,NaN,NaN,NaN,NaN,NaN,NaN,NaN,NaN,NaN,NaN
NaN,NaN,NaN,NaN,NaN,NaN,NaN,NaN,NaN,NaN,NaN,NaN,NaN,NaN,NaN,NaN,NaN,NaN,NaN,NaN,NaN,NaN,NaN,NaN,NaN,NaN,NaN,NaN,NaN,NaN,NaN,NaN,NaN,NaN,NaN,NaN,NaN,NaN,NaN,NaN,NaN,NaN,NaN,NaN,NaN,NaN,NaN,NaN,NaN,NaN,NaN,NaN,NaN,NaN,NaN,NaN,NaN,NaN,NaN,NaN,NaN,NaN,NaN,NaN,NaN,NaN,NaN,NaN,NaN,NaN,NaN,NaN,NaN,NaN,NaN
NaN,NaN,NaN,NaN,NaN,NaN,NaN,NaN,NaN,NaN,NaN,NaN,NaN,NaN,NaN,NaN,NaN,NaN,NaN,NaN,NaN,NaN,NaN,NaN,NaN,NaN,NaN,NaN,NaN,NaN,NaN,NaN,NaN,NaN,NaN,NaN,NaN,NaN,NaN,NaN,NaN,NaN,NaN,NaN,NaN,NaN,NaN,NaN,NaN,NaN,NaN,NaN,NaN,NaN,NaN,NaN,NaN,NaN,NaN,NaN,NaN,NaN,NaN,NaN,NaN,NaN,NaN,NaN,NaN,NaN,NaN,NaN,NaN,NaN,NaN
0,0,0,0,0,0,0,0,0,0,0,0,0,0,0,0,0,0,0,0,0,0,0,0,5.35763,374.699,0.167471,0,0,0,0,0,0,0,0,0,22.1013,368.842,0.291778,69.1205,492.165,0.578051,49.4799,648.951,0.156669,0,0,0,0,0,0,0,0,0,0,0,0,0,0,0,0,0,0,41.6278,660.71,0.0679972,0,0,0,0,0,0,0,0,0
0,0,0,0,0,0,0,0,0,0,0,0,0,0,0,0,0,0,0,0,0,0,0,0,5.34963,362.927,0.238987,0,0,0,0,0,0,0,0,0,35.7799,359.035,0.35573,88.7012,492.151,0.681517,76.904,658.782,0.524923,0,0,0,0,0,0,0,0,0,0,0,0,147.414,678.343,0.335234,143.514,668.555,0.327949,65.1738,678.354,0.322227,0,0,0,0,0,0,0,0,0
0,0,0,0,0,0,0,0,0,0,0,0,0,0,0,20.1112,163.1,0.331194,53.4191,308.115,0.619846,5.36439,331.55,0.0879257,0,0,0,0,0,0,0,0,0,0,0,0,0,0,0,0,0,0,0,0,0,0,0,0,0,0,0,0,0,0,0,0,0,0,0,0,0,0,0,0,0,0,0,0,0,0,0,0,0,0,0
57.3051,55.366,0.714795,5.34884,120.062,0.530907,5.37515,118.143,0.0557896,0,0,0,0,0,0,37.7583,123.948,0.469587,55.3689,266.922,0.115203,76.8786,347.26,0.0672519,24.0651,366.838,0.410505,5.35597,362.955,0.26117,0,0,0,0,0,0,57.358,368.791,0.419452,120.031,498.109,0.6772,165.098,648.947,0.558127,41.6615,39.7073,0.816422,55.4117,39.7401,0.198113,5.35335,45.566,0.441686,0,0,0,227.784,662.639,0.358711,227.722,652.92,0.336952,161.122,672.477,0.304875,0,0,0,0,0,0,0,0,0
76.8901,55.4552,0.708361,0,0,0,5.36813,122.008,0.201379,5.35844,272.792,0.200101,88.6863,351.22,0.638463,0,0,0,0,0,0,0,0,0,0,0,0,0,0,0,0,0,0,0,0,0,0,0,0,0,0,0,0,0,0,59.2913,39.7091,0.832871,76.9339,39.7698,0.128411,4.38733,49.4899,0.778116,0,0,0,0,0,0,0,0,0,0,0,0,0,0,0,0,0,0,0,0,0
88.7281,57.3731,0.675912,27.9476,133.761,0.59933,5.35672,133.74,0.393619,0,0,0,0,0,0,69.0061,135.672,0.514642,82.7974,259.088,0.220975,114.149,341.39,0.127173,47.4927,368.838,0.450599,4.39379,370.816,0.385938,51.4597,521.633,0.129927,0,0,0,82.7638,366.888,0.487727,157.252,505.917,0.671438,225.753,650.898,0.638146,73.0508,41.6744,0.81271,90.6508,45.5715,0.0956542,26.0476,53.3357,0.814304,0,0,0,284.541,637.206,0.412309,280.669,635.237,0.382773,221.892,676.355,0.472129,0,0,0,0,0,0,0,0,0
114.084,59.2547,0.70061,49.4992,133.779,0.642252,0,0,0,0,0,0,0,0,0,84.7801,135.706,0.510278,100.363,264.959,0.15469,131.677,335.514,0.0876531,65.1533,368.794,0.556122,26.0333,368.858,0.505568,0,0,0,0,0,0,100.382,366.87,0.576667,178.857,505.969,0.778044,239.464,656.785,0.65804,92.5929,43.5849,0.7944,112.183,43.6183,0.120614,45.5986,53.4303,0.823704,0,0,0,288.435,648.957,0.391621,284.583,645.032,0.421063,231.675,680.273,0.558003,0,0,0,0,0,0,0,0,0
127.802,57.2905,0.738072,69.0625,135.672,0.686171,37.6481,135.685,0.652728,45.571,266.972,0.664051,147.403,351.196,0.704174,102.379,135.696,0.52739,125.906,263.012,0.212017,149.398,333.529,0.148176,100.396,374.702,0.622884,63.2106,376.663,0.553903,31.8083,513.815,0.492026,0,0,0,133.694,372.738,0.580443,196.417,507.977,0.803273,241.378,664.587,0.715175,108.249,43.6308,0.790989,123.907,43.5797,0.156969,59.279,53.4045,0.823699,0,0,0,294.375,666.641,0.462225,292.395,662.679,0.474266,229.715,682.237,0.57576,0,0,0,0,0,0,0,0,0
147.362,57.3091,0.778324,88.6461,135.728,0.657223,55.4164,137.653,0.629036,63.205,268.894,0.654732,161.146,353.081,0.712474,123.909,135.739,0.51935,147.375,266.924,0.127845,165.032,327.674,0.0544397,120.025,368.87,0.625711,84.8108,370.77,0.586058,59.3042,511.841,0.679833,5.36694,617.593,0.0889158,157.204,368.855,0.582372,212.105,509.934,0.804844,243.52,664.589,0.737002,125.907,43.5833,0.809787,145.502,41.6812,0.231343,80.7942,55.2876,0.841067,0,0,0,308.066,672.472,0.540551,304.144,666.547,0.586959,237.575,682.239,0.633954,0,0,0,0,0,0,0,0,0
151.401,55.3443,0.589136,106.281,131.802,0.668795,71.1001,131.702,0.663137,82.7713,264.988,0.637655,170.96,355.16,0.672182,141.536,133.74,0.502807,167.053,255.212,0.385024,188.597,337.546,0.486845,133.757,361.002,0.589353,100.363,362.958,0.55964,96.4611,509.856,0.712476,5.36162,635.27,0.213303,170.936,359.022,0.542432,225.832,509.873,0.799939,245.379,662.663,0.710633,139.608,39.7668,0.725764,149.457,39.7733,0.267516,98.4234,53.3393,0.799353,0,0,0,317.873,680.294,0.570665,313.972,670.53,0.544236,235.592,680.325,0.614192,35.7661,696.025,0.228721,22.0819,698.016,0.16458,5.35093,647.023,0.112595
178.683,53.4204,0.789241,121.945,131.776,0.640074,88.6311,133.771,0.639742,108.236,274.753,0.563611,180.817,364.888,0.773621,157.237,127.858,0.497552,178.81,245.413,0.0711892,208.138,327.669,0.0548721,153.292,358.999,0.575729,118.106,364.869,0.579011,131.746,509.835,0.770661,5.33619,646.971,0.483542,192.457,353.186,0.580715,241.371,507.947,0.771061,247.361,662.696,0.714407,163,39.6133,0.869592,174.894,37.7917,0.132531,116.14,49.5051,0.856245,0,0,0,317.889,680.35,0.574127,313.953,672.481,0.541689,239.434,680.321,0.630417,37.6689,695.925,0.460257,22.0405,694.033,0.395908,5.35567,648.971,0.312705
194.487,49.4513,0.754471,135.724,125.906,0.613516,112.191,127.826,0.627617,118.092,263.031,0.545438,190.57,370.745,0.731051,163.144,122.001,0.444842,0,0,0,0,0,0,176.818,357.09,0.506255,141.526,362.936,0.472749,167.064,509.88,0.73583,53.4418,611.759,0.618044,210.133,355.083,0.523927,243.421,507.932,0.768184,251.259,662.68,0.709236,178.681,35.7819,0.848439,190.545,33.7911,0.124814,131.838,43.6019,0.824742,0,0,0,319.817,682.242,0.586387,315.912,674.463,0.543473,239.503,680.26,0.627319,73.0028,674.446,0.327718,53.4002,666.604,0.296875,35.7683,615.664,0.470438
212.117,41.6164,0.776266,157.233,125.903,0.629484,129.758,127.832,0.624174,135.66,274.761,0.6136,192.454,368.87,0.722878,186.629,123.905,0.471832,215.995,245.429,0.169682,243.454,319.836,0.175145,202.311,353.163,0.558888,170.95,362.925,0.484583,200.352,505.972,0.683245,84.6951,607.835,0.608691,231.651,351.146,0.577706,243.438,509.807,0.762283,249.327,662.658,0.685834,194.528,29.8981,0.827938,210.029,24.1163,0.142768,149.338,39.754,0.882112,0,0,0,321.801,682.234,0.620509,319.843,676.386,0.5635,239.445,680.246,0.594609,100.419,664.608,0.295016,82.7727,656.819,0.267544,65.1188,611.735,0.384665
227.787,39.6046,0.77128,178.763,121.953,0.665865,145.439,118.057,0.640793,149.474,268.869,0.582923,194.509,372.726,0.796258,212.111,127.874,0.49963,241.483,265.002,0.445464,274.825,351.145,0.540756,227.727,353.147,0.552536,210.065,355.137,0.508631,241.384,502.039,0.725142,120.002,607.803,0.573127,247.338,351.199,0.500097,257.142,507.869,0.710597,251.287,662.641,0.667991,212.063,25.9657,0.826344,225.795,24.0353,0.14672,165.036,37.7511,0.871975,0,0,0,319.806,680.37,0.578416,313.959,672.496,0.538202,239.496,680.289,0.600661,133.726,662.624,0.280519,116.075,652.94,0.259954,102.364,609.811,0.366906
227.793,39.6149,0.773955,178.77,121.952,0.666547,145.441,118.052,0.640055,149.467,266.966,0.582098,194.505,372.728,0.79508,212.117,127.875,0.499523,241.484,265,0.450015,274.824,351.139,0.545151,227.719,353.147,0.553076,208.197,355.129,0.50832,241.4,502.049,0.72616,119.996,607.799,0.574572,247.331,351.199,0.500821,257.146,507.864,0.711767,251.283,662.635,0.670042,212.066,25.9736,0.826494,225.8,24.0445,0.143323,165.035,37.7507,0.872508,0,0,0,319.788,680.338,0.589835,313.942,672.467,0.550036,239.494,680.283,0.600632,133.726,662.626,0.283322,116.075,652.94,0.262088,102.358,609.804,0.36945
257.174,16.1518,0.724377,210.157,119.975,0.652363,180.7,118.108,0.614832,180.709,274.803,0.584391,200.378,368.892,0.731111,241.42,120.06,0.49476,272.736,245.4,0.485846,319.901,331.599,0.607977,247.347,349.226,0.532139,227.805,351.179,0.504104,290.508,492.182,0.722303,225.767,646.996,0.443185,268.874,347.262,0.463529,266.947,496.193,0.557272,225.804,637.209,0.309574,241.531,5.33784,0.685064,257.038,5.37504,0.151362,198.372,35.6948,0.802017,0,0,0,313.965,682.256,0.126146,0,0,0,182.731,635.265,0.255065,325.692,680.26,0.503149,315.88,682.351,0.425153,208.149,658.75,0.379184
280.624,37.6212,0.712521,227.719,118.097,0.664914,196.434,118.039,0.640154,194.365,270.883,0.574223,210.098,376.643,0.71609,257.118,120.028,0.494896,290.435,245.428,0.560069,353.19,333.576,0.68128,259.137,341.412,0.513742,245.401,345.293,0.490565,319.765,486.394,0.734178,257.134,650.965,0.540402,274.825,339.451,0.407391,268.917,496.186,0.599611,247.333,645.067,0.399564,266.904,24.03,0.806733,274.866,18.1127,0.0670057,216.024,35.7381,0.80397,0,0,0,319.867,686.176,0.113361,296.307,629.374,0.117874,225.813,656.81,0.319289,329.637,686.188,0.546915,313.945,693.999,0.487904,241.42,666.645,0.51753
298.283,37.7903,0.783717,243.469,122.004,0.64604,216.022,120.003,0.606896,208.118,274.793,0.550457,212.177,380.578,0.70885,272.792,125.894,0.482974,310.075,245.411,0.626467,376.626,323.741,0.711509,272.761,351.169,0.507649,261.064,351.195,0.462265,337.548,480.552,0.721894,312.006,635.295,0.581252,282.607,351.141,0.361189,264.984,505.95,0.503935,251.238,664.612,0.685019,282.64,24.1192,0.824524,296.279,23.9568,0.0979974,231.726,35.7569,0.813593,0,0,0,294.385,680.339,0.353278,288.438,678.321,0.321351,241.389,680.29,0.595703,368.856,682.278,0.178257,0,0,0,300.218,652.927,0.485623
319.826,39.7088,0.798001,264.953,125.886,0.654836,239.482,123.907,0.63144,214.098,272.767,0.622548,221.887,380.578,0.717524,290.46,127.834,0.561451,333.546,245.381,0.705965,400.237,321.81,0.771413,282.583,345.328,0.48369,274.753,349.209,0.461721,353.152,490.219,0.731996,374.722,666.623,0.525998,292.427,343.339,0.346836,270.848,507.878,0.663286,251.257,662.684,0.689823,304.071,26.0142,0.848426,319.72,25.9468,0.148037,257.097,39.6239,0.868531,0,0,0,306.115,680.275,0.461693,294.379,672.481,0.427086,239.506,678.342,0.616817,447.131,682.351,0.464626,431.478,693.994,0.422837,364.892,684.218,0.564187
335.511,41.6914,0.744796,282.595,123.929,0.647873,257.152,120.02,0.6527,229.726,272.792,0.651337,229.735,382.452,0.710429,306.116,129.749,0.556669,351.164,249.308,0.68927,425.61,321.72,0.741208,298.286,349.208,0.504959,290.421,351.152,0.459478,368.85,494.254,0.743655,423.65,666.563,0.654056,308.111,347.273,0.387542,274.827,509.872,0.637991,253.187,664.603,0.694494,319.827,27.9185,0.850306,333.52,25.9942,0.11145,274.701,39.6106,0.902367,0,0,0,310.024,680.282,0.438232,302.219,672.501,0.426464,239.514,680.303,0.630027,482.436,672.478,0.481486,468.715,680.37,0.532471,413.907,682.343,0.592689
335.511,41.6915,0.744593,282.597,123.936,0.647923,257.151,120.025,0.651215,229.753,272.795,0.638352,229.734,382.447,0.709463,306.118,129.757,0.556401,351.164,249.309,0.689207,425.607,321.718,0.741035,298.275,349.198,0.503378,288.521,349.242,0.458447,368.85,494.255,0.743393,423.649,666.563,0.654121,308.1,347.261,0.386533,274.825,509.871,0.638077,253.187,664.603,0.694381,319.827,27.9189,0.850189,333.52,25.9941,0.111331,274.701,39.6106,0.90252,0,0,0,310.025,680.282,0.438088,302.22,672.5,0.426337,239.514,680.303,0.629972,482.423,672.471,0.473637,466.818,680.367,0.526357,413.907,682.342,0.592703
374.728,43.6436,0.7026,321.737,131.751,0.722511,294.401,129.771,0.633349,263.046,272.798,0.614854,257.099,380.576,0.645217,345.317,133.717,0.58946,384.413,251.299,0.711185,460.91,321.756,0.804252,325.733,355.124,0.471824,327.673,360.975,0.439308,409.931,517.69,0.691078,482.447,650.99,0.657171,331.602,355.091,0.300714,292.416,515.751,0.654119,255.193,662.676,0.696982,358.99,35.7088,0.817061,368.877,35.7841,0.0726634,311.991,43.6076,0.789601,0,0,0,315.904,680.352,0.463668,306.133,676.365,0.445099,241.377,680.242,0.620467,531.456,648.899,0.519235,523.62,654.841,0.486369,482.418,672.481,0.523989
394.318,43.6255,0.718036,337.507,131.733,0.737893,317.874,131.674,0.690486,288.44,261.112,0.594925,272.856,372.754,0.590598,360.993,131.814,0.61232,400.116,257.075,0.728522,478.549,325.7,0.785708,349.191,360.969,0.460372,351.145,364.872,0.440728,429.498,519.653,0.704116,500.095,662.63,0.653004,343.344,360.975,0.296744,304.172,521.63,0.668365,257.177,658.78,0.704901,380.528,35.7425,0.808356,388.461,37.6392,0.0533061,335.484,45.5246,0.808685,0,0,0,319.852,680.254,0.451639,308.112,670.553,0.435107,241.418,676.366,0.630437,556.907,650.88,0.464344,549.032,660.718,0.426878,496.184,680.357,0.580264
396.178,43.6313,0.719896,337.513,131.74,0.739029,317.88,131.681,0.692084,288.446,261.088,0.600618,272.873,370.781,0.601302,360.997,131.823,0.613073,400.117,257.079,0.731312,478.551,325.694,0.787072,349.183,360.983,0.461726,351.15,364.885,0.443288,429.5,519.649,0.704548,500.069,662.634,0.653941,0,0,0,0,0,0,0,0,0,380.538,35.7419,0.810827,390.367,37.6251,0.0538787,335.485,45.5335,0.808982,0,0,0,0,0,0,0,0,0,0,0,0,556.892,650.882,0.461095,547.109,660.734,0.428024,496.175,680.36,0.582126
431.544,49.4863,0.730452,380.587,131.802,0.694487,359.054,131.77,0.663755,325.738,274.818,0.63881,312.017,392.339,0.653572,398.244,131.825,0.571435,431.529,264.956,0.691394,502.05,335.486,0.750823,396.238,366.86,0.50214,396.25,368.825,0.469026,458.96,529.435,0.684996,517.685,680.28,0.690029,392.33,366.874,0.322462,349.224,521.624,0.659115,268.88,648.978,0.681496,415.842,37.6761,0.881413,429.555,37.6699,0.0667406,370.764,51.4529,0.856336,0,0,0,323.767,682.339,0.574739,319.849,678.364,0.559339,245.378,660.745,0.589072,586.266,680.273,0.631259,572.601,686.234,0.555761,509.848,695.953,0.644862
447.246,51.365,0.513737,398.196,131.738,0.660686,380.565,131.73,0.659272,353.122,276.716,0.654512,337.486,392.34,0.654096,415.833,131.765,0.553653,447.195,270.832,0.707135,509.898,339.506,0.804664,415.843,366.819,0.52488,417.803,366.862,0.506434,470.652,521.599,0.681112,521.631,680.237,0.693682,411.917,366.851,0.344382,388.414,511.884,0.653903,278.7,635.328,0.702212,433.446,37.6855,0.736698,445.187,35.7004,0.179301,388.43,47.5187,0.708599,0,0,0,323.75,686.205,0.620984,321.779,680.332,0.582174,259.04,645.04,0.619293,598.048,684.227,0.66249,586.25,693.991,0.599619,509.918,695.897,0.588703
447.246,51.3651,0.513819,398.198,131.738,0.661366,380.568,131.731,0.659877,353.109,276.724,0.663146,337.493,392.349,0.659281,415.833,131.764,0.554316,447.197,270.837,0.708578,509.898,339.507,0.804681,415.881,366.811,0.52542,417.813,366.855,0.507003,470.656,521.595,0.68076,521.631,680.236,0.69346,415.817,366.828,0.352024,388.44,511.837,0.654883,278.701,635.32,0.703552,433.446,37.6855,0.736592,445.187,35.7003,0.179032,388.43,47.5194,0.708658,0,0,0,323.754,686.215,0.616792,321.781,680.341,0.576653,259.049,645.028,0.621936,598.048,684.227,0.662473,586.251,693.991,0.599611,509.918,695.896,0.588825
490.238,39.7052,0.738416,433.506,122.009,0.634014,415.921,121.97,0.66457,402.137,272.84,0.596275,402.157,382.585,0.659038,451.137,123.927,0.516528,480.536,264.96,0.519441,521.564,353.159,0.765897,464.839,359.039,0.529564,456.992,362.923,0.491475,492.204,519.657,0.671946,523.51,680.263,0.736543,478.552,359.014,0.472389,474.625,507.855,0.594756,333.575,603.92,0.516677,476.503,27.9497,0.826868,490.19,26.0524,0.0712791,429.625,37.7061,0.823118,0,0,0,345.297,666.583,0.182317,341.398,660.727,0.171446,308.072,605.873,0.379226,598.04,688.167,0.631055,584.34,695.971,0.594626,509.844,694.018,0.654683
507.82,39.6232,0.749379,447.15,118.115,0.631896,431.579,120.054,0.684905,429.491,274.805,0.569648,433.533,382.48,0.594893,462.834,117.996,0.476607,490.274,282.632,0.32223,525.511,362.941,0.6852,486.383,351.167,0.544899,476.512,351.211,0.509428,496.197,519.648,0.678145,523.508,680.242,0.722771,498.108,351.156,0.515058,502.055,507.916,0.616039,359.007,599.96,0.605539,492.292,24.1064,0.85494,0,0,0,447.246,33.8288,0.78489,0,0,0,398.219,621.542,0.170723,398.122,617.646,0.154453,337.428,601.917,0.543891,599.94,690.084,0.609501,584.333,696.003,0.570684,509.831,693.969,0.649725
523.586,37.6667,0.704283,460.942,114.139,0.629939,447.232,117.988,0.721244,451.104,261.052,0.519229,476.553,351.193,0.479601,476.595,108.228,0.4786,0,0,0,0,0,0,496.197,343.336,0.485159,490.244,345.318,0.473728,507.852,511.824,0.637655,523.524,680.275,0.705015,509.886,341.378,0.422088,527.519,494.282,0.690104,402.124,599.999,0.586624,509.811,23.9883,0.861502,0,0,0,464.803,33.756,0.776392,0,0,0,413.896,650.934,0.182759,413.904,648.935,0.174742,380.579,602.006,0.422653,599.976,688.169,0.623276,584.343,695.978,0.5817,509.831,693.991,0.601711
543.217,35.7306,0.733342,478.555,112.197,0.621228,466.782,116.072,0.688744,476.467,259.079,0.643364,509.826,355.088,0.610164,494.189,106.308,0.48985,0,0,0,0,0,0,509.817,339.446,0.466341,494.189,347.243,0.439817,509.973,509.926,0.689801,523.493,680.251,0.675158,525.513,335.535,0.404205,556.89,494.219,0.660025,447.249,609.811,0.562102,527.481,22.1219,0.868938,541.161,16.1388,0.0819186,480.562,27.9703,0.781554,0,0,0,478.514,662.69,0.260466,478.507,652.912,0.259018,429.543,617.596,0.380506,598.005,690.087,0.59031,584.278,696.004,0.558303,509.815,693.982,0.593683
560.812,35.7347,0.679206,494.274,112.202,0.605896,486.333,116.047,0.664601,494.196,253.209,0.597503,541.27,351.147,0.56449,509.902,108.236,0.478636,0,0,0,0,0,0,525.499,351.147,0.474314,507.883,353.108,0.474443,521.575,507.916,0.621192,521.635,680.24,0.673552,545.118,347.276,0.388121,588.164,480.545,0.699342,496.132,590.219,0.38919,547.133,22.0438,0.797238,556.971,16.1294,0.0763808,505.888,26.0405,0.765086,0,0,0,537.251,613.708,0.10731,0,0,0,464.857,603.947,0.225564,598.057,690.133,0.542277,584.34,696.035,0.503336,507.937,692.076,0.601063
580.418,33.804,0.695608,513.817,110.234,0.603792,505.955,116.012,0.660621,523.544,257.087,0.636774,578.449,341.429,0.602186,527.526,104.395,0.51425,574.512,253.228,0.107583,588.257,321.766,0.116566,543.159,353.136,0.509293,525.507,353.157,0.505152,525.591,509.829,0.690499,521.631,676.383,0.697425,564.714,353.114,0.427432,615.683,478.458,0.744502,558.869,635.31,0.598204,568.627,22.0293,0.843183,0,0,0,523.56,24.1315,0.845675,0,0,0,605.932,682.33,0.540394,607.845,676.404,0.516056,549.041,647.005,0.278206,596.054,695.942,0.432349,568.647,699.914,0.393836,507.94,688.185,0.684522
599.984,35.7186,0.750521,537.274,116.027,0.595387,525.579,118.036,0.65452,552.913,268.92,0.70814,617.626,339.466,0.664945,545.164,108.256,0.439077,590.216,261.051,0.0586097,0,0,0,560.816,353.119,0.550136,539.249,355.085,0.5368,533.387,509.844,0.669051,523.557,672.488,0.68305,586.269,351.206,0.514902,637.183,480.544,0.755866,590.179,629.359,0.587005,586.263,22.0726,0.890445,599.914,20.0562,0.0668006,539.319,25.9695,0.840609,0,0,0,637.242,666.603,0.428998,637.255,658.752,0.44157,572.542,643.072,0.383191,598.011,695.932,0.429009,576.472,698.037,0.401193,507.963,686.178,0.638493
617.695,37.6505,0.706799,551.029,116.074,0.571014,543.165,118.02,0.645194,582.32,257.115,0.687582,660.709,339.453,0.604057,558.869,112.149,0.401037,0,0,0,0,0,0,572.615,343.373,0.544898,550.988,347.243,0.510225,539.307,517.7,0.642404,523.592,678.317,0.713983,600.009,345.281,0.495077,652.911,490.25,0.734138,641.135,637.23,0.591897,603.925,22.1253,0.907145,0,0,0,556.949,25.9768,0.846053,0,0,0,715.572,670.518,0.548946,713.67,664.648,0.530755,621.581,650.983,0.460954,599.965,694.057,0.530158,584.279,697.961,0.479333,509.808,690.129,0.647467
635.244,37.7102,0.740059,570.532,116.114,0.584015,560.793,118.049,0.624587,605.845,257.079,0.65496,697.902,343.316,0.678298,580.393,114.103,0.395481,617.647,231.679,0.0737464,0,0,0,590.182,347.273,0.512547,568.648,349.201,0.492759,550.979,513.77,0.656147,523.612,678.359,0.718447,617.548,347.279,0.465408,666.659,488.294,0.724421,682.215,639.177,0.6068,621.518,23.9977,0.868143,0,0,0,576.457,27.9549,0.798693,0,0,0,719.5,664.641,0.172312,725.389,652.889,0.217556,668.533,656.81,0.426673,599.948,692.09,0.570487,584.307,697.897,0.539145,509.807,692.061,0.658776
652.896,39.6544,0.708627,586.342,116.133,0.581908,580.408,118.047,0.628575,621.555,247.356,0.65457,727.287,337.454,0.71992,599.996,116.017,0.378439,0,0,0,0,0,0,603.944,347.285,0.4967,588.182,349.223,0.483133,558.825,513.794,0.676224,525.51,674.448,0.705994,623.509,347.281,0.415539,680.323,494.15,0.698155,731.282,650.893,0.491736,641.159,24.094,0.816501,651.029,24.0815,0.0547753,599.98,29.9227,0.782418,0,0,0,801.807,654.847,0.183904,797.871,650.89,0.179996,725.38,672.488,0.278377,599.95,694.033,0.584756,584.31,697.943,0.54745,509.88,686.233,0.670564
672.513,39.7483,0.739355,603.949,118.056,0.576767,598.061,119.979,0.617542,639.179,247.358,0.646741,748.9,333.575,0.710643,617.633,116.106,0.414046,0,0,0,0,0,0,621.522,353.134,0.468991,605.878,355.091,0.455149,572.491,513.819,0.693048,525.535,670.526,0.692808,639.157,353.122,0.402668,692.078,502.054,0.599103,772.345,652.907,0.551093,662.683,26.0362,0.812706,0,0,0,617.575,35.7188,0.784273,0,0,0,823.375,639.19,0.356238,823.322,637.194,0.336389,772.359,680.218,0.436017,598.045,694.005,0.6407,584.295,697.877,0.607492,509.856,684.224,0.714584
694.048,43.5683,0.684028,623.524,120.029,0.538629,617.674,123.912,0.600761,662.686,249.321,0.678992,774.283,331.614,0.751512,635.239,118.018,0.39504,0,0,0,0,0,0,643.088,355.115,0.45733,623.502,357.06,0.446544,588.2,509.916,0.732527,525.643,666.675,0.70522,662.694,355.114,0.412604,713.693,509.886,0.705764,786.112,654.844,0.632381,680.385,35.7158,0.849356,0,0,0,635.225,37.7446,0.820627,0,0,0,846.844,643.1,0.496211,842.938,637.263,0.498128,782.188,680.341,0.513206,599.971,693.979,0.600966,584.295,697.857,0.563845,509.915,680.368,0.690979
713.543,47.5502,0.653809,646.979,121.941,0.546233,637.232,121.998,0.624627,682.203,255.193,0.71092,792.077,333.554,0.75714,654.837,118.111,0.391642,0,0,0,0,0,0,664.668,355.123,0.502038,645.019,357.053,0.460847,605.896,507.953,0.729862,529.443,664.658,0.679552,686.169,355.133,0.44791,739.044,507.936,0.667548,792.023,666.655,0.659247,698,37.6253,0.838075,711.568,35.7899,0.0519529,654.823,39.7074,0.80513,0,0,0,852.726,660.71,0.400265,852.69,652.918,0.396316,788.05,690.085,0.470749,601.951,693.974,0.563075,586.27,697.858,0.5163,511.873,676.4,0.633424
731.243,51.3939,0.657377,664.695,123.943,0.566259,660.704,127.824,0.617072,696.037,257.055,0.766934,809.649,335.538,0.776857,676.41,120.037,0.381305,0,0,0,0,0,0,684.284,353.181,0.475329,666.565,355.124,0.46135,629.405,511.896,0.712328,537.292,656.793,0.673842,709.694,355.1,0.435702,754.753,509.883,0.678074,801.781,668.56,0.685204,721.425,37.6702,0.823279,0,0,0,678.352,41.6542,0.784312,0,0,0,866.399,676.378,0.558178,860.534,666.65,0.559798,790.077,688.122,0.5591,598.044,695.964,0.584855,578.451,697.892,0.518781,519.632,664.663,0.637598
748.864,53.3068,0.71229,684.207,123.905,0.574228,676.413,125.909,0.619649,717.576,259.105,0.673546,823.262,341.382,0.791591,696.027,120.033,0.410165,0,0,0,0,0,0,711.638,355.092,0.515418,692.081,357.082,0.469903,664.655,509.854,0.678437,552.905,648.949,0.664182,729.341,353.139,0.454494,772.369,509.87,0.653241,803.763,666.667,0.693107,739.068,37.7062,0.851418,746.91,37.711,0.0848211,694.022,39.6885,0.778993,0,0,0,870.39,680.309,0.641276,868.372,672.468,0.588152,791.928,684.292,0.545515,599.98,696.013,0.605608,580.404,697.846,0.539273,527.517,652.856,0.568318
754.734,45.5327,0.595349,698.027,120.065,0.544135,695.973,125.905,0.582992,739.107,270.804,0.725891,825.312,347.268,0.738947,709.714,116.136,0.367233,0,0,0,0,0,0,731.227,353.164,0.552618,713.633,357.059,0.531736,699.934,511.81,0.707415,564.741,633.366,0.664446,750.815,351.171,0.483699,790,507.918,0.70459,805.648,668.545,0.695144,741.032,27.9172,0.579032,758.726,29.8801,0.519909,705.788,35.7336,0.639613,0,0,0,872.39,682.261,0.668754,870.385,676.415,0.618721,791.945,684.279,0.593464,605.914,695.96,0.605001,590.205,694.049,0.49653,543.194,633.358,0.630874
782.176,39.7193,0.68861,717.534,118.114,0.546326,715.609,121.958,0.606532,758.669,270.8,0.730092,829.191,353.124,0.719635,723.393,116.03,0.327354,0,0,0,0,0,0,744.966,351.211,0.548624,742.973,353.175,0.560132,742.999,511.895,0.670608,603.872,619.553,0.633495,756.683,349.231,0.396526,795.923,507.874,0.683973,805.65,666.591,0.664911,772.369,29.8539,0.697017,0,0,0,729.279,33.7681,0.754292,0,0,0,872.332,682.216,0.579952,870.337,676.38,0.532781,791.944,684.22,0.566759,619.649,682.248,0.582592,605.858,678.353,0.470958,580.386,617.659,0.47963
803.747,41.6206,0.733901,739.05,116.114,0.577118,735.205,120.015,0.632459,764.547,264.996,0.67132,833.092,364.881,0.710341,739.079,108.258,0.353521,0,0,0,0,0,0,754.775,343.376,0.457005,750.879,347.287,0.538119,790.082,503.99,0.647072,648.903,603.984,0.668299,750.864,345.319,0.286496,793.966,498.121,0.514755,805.678,668.533,0.677658,790.08,25.9901,0.815309,805.587,24.0813,0.0797563,746.941,27.9099,0.773717,0,0,0,870.337,680.369,0.587787,866.445,674.462,0.542895,791.972,684.253,0.574396,660.729,664.574,0.333071,641.118,654.835,0.338114,625.444,605.858,0.521035
819.417,37.7534,0.726962,752.823,110.242,0.548447,754.76,116.062,0.675465,776.253,255.201,0.661638,825.313,364.911,0.704599,748.883,104.326,0.369898,0,0,0,0,0,0,770.404,339.477,0.451038,770.438,341.413,0.58027,811.565,504.021,0.683816,692.069,600.025,0.697258,0,0,0,0,0,0,0,0,0,807.574,23.9995,0.843288,821.249,23.9851,0.061495,764.55,24.064,0.796324,0,0,0,0,0,0,0,0,0,0,0,0,727.358,633.282,0.402725,703.829,633.253,0.381935,672.481,601.977,0.575441
837.048,35.7918,0.740549,768.503,104.378,0.564808,774.276,112.163,0.672828,786.062,243.467,0.598452,823.328,366.886,0.663497,760.644,102.33,0.396858,0,0,0,0,0,0,782.188,341.372,0.467835,790.035,343.329,0.515681,852.671,492.246,0.701093,742.935,603.89,0.672204,770.452,341.401,0.369494,811.57,492.246,0.667786,805.639,654.833,0.550361,825.277,21.9881,0.833099,0,0,0,788.069,22.1435,0.835301,0,0,0,866.409,678.343,0.419164,860.565,668.622,0.371246,790.036,676.388,0.401249,768.444,627.409,0.298365,758.671,625.447,0.366218,725.367,609.806,0.620494
850.689,31.8281,0.669221,789.967,102.358,0.603796,788.015,104.343,0.702737,794.013,229.751,0.526594,821.438,368.857,0.688818,792.003,100.376,0.367153,0,0,0,0,0,0,805.712,343.331,0.43592,825.28,345.277,0.430217,883.979,484.379,0.754974,793.919,613.722,0.493202,786.112,345.284,0.422776,807.688,482.423,0.653762,790.002,605.876,0.430374,838.951,20.0282,0.724881,0,0,0,793.916,21.9645,0.748449,0,0,0,821.405,633.31,0.0775612,0,0,0,772.398,617.604,0.287804,819.449,637.226,0.24689,809.643,637.274,0.257081,780.272,623.506,0.409847
868.446,25.9996,0.715358,805.689,104.31,0.564535,805.63,106.313,0.667058,809.66,247.337,0.544459,821.424,374.704,0.688224,803.745,100.456,0.336764,774.411,255.203,0.140177,786.116,323.758,0.0641924,823.34,339.421,0.50446,846.825,341.393,0.494835,899.806,482.465,0.764932,823.364,647.028,0.557239,799.841,337.489,0.45047,807.632,502.015,0.619135,803.762,658.783,0.445069,856.621,18.0918,0.692171,0,0,0,819.431,22.0416,0.773074,0,0,0,835.027,684.308,0.0670972,836.988,684.227,0.0596428,790.042,680.287,0.399302,880.156,688.149,0.37009,860.576,692.094,0.342223,807.718,660.728,0.381332
886.002,35.7108,0.760373,823.306,106.339,0.537545,823.289,110.23,0.632577,823.317,243.481,0.607164,823.319,374.67,0.643197,823.326,102.417,0.340571,868.458,259.13,0.297146,917.339,337.514,0.549818,836.984,345.287,0.442291,856.684,345.289,0.464748,921.338,482.419,0.720355,884.083,641.141,0.547331,807.708,349.211,0.400664,807.746,509.881,0.679389,803.704,666.63,0.625862,878.159,21.9633,0.782712,0,0,0,838.951,22.0263,0.860245,0,0,0,837.043,684.25,0.205756,833.097,680.312,0.195683,791.94,682.339,0.490128,948.707,684.218,0.341468,927.149,688.184,0.314905,870.3,660.698,0.473418
903.719,29.8804,0.740052,842.937,114.092,0.504136,839.076,116.086,0.607101,835.118,259.147,0.586731,827.261,380.51,0.67392,850.765,106.306,0.333547,884.119,259.06,0.323919,942.838,335.481,0.470297,856.67,351.197,0.413507,880.142,353.112,0.468041,935.03,488.33,0.720904,925.226,652.911,0.578813,835.084,353.154,0.322409,819.391,519.635,0.676058,807.581,668.534,0.717735,897.699,20.1018,0.778908,0,0,0,852.795,22.0724,0.842495,0,0,0,866.419,682.218,0.519844,856.622,676.37,0.480641,791.993,684.24,0.562728,1007.49,680.293,0.393273,991.791,684.256,0.363996,909.545,668.586,0.510901
917.448,25.993,0.674347,858.63,110.193,0.501169,858.614,112.138,0.605963,848.787,268.923,0.587668,835.087,380.546,0.721558,862.517,106.289,0.324542,899.679,257.176,0.425937,962.395,325.686,0.579589,874.25,353.184,0.475357,893.888,355.087,0.496131,948.749,494.195,0.766202,978.023,662.667,0.565827,854.691,353.188,0.394442,823.433,515.782,0.699732,805.77,666.547,0.711043,903.709,18.1175,0.593283,917.359,4.39479,0.0947205,868.3,23.9422,0.754965,0,0,0,870.338,682.295,0.434787,858.581,678.381,0.433524,791.953,682.283,0.573728,1054.5,668.546,0.513871,1038.86,678.389,0.485426,964.414,682.301,0.530109
944.757,37.6249,0.708544,878.17,114.098,0.50223,880.151,114.134,0.607706,862.543,272.746,0.624731,841.032,382.564,0.765433,874.26,108.258,0.313302,915.435,261.037,0.465699,982.065,323.748,0.727253,891.923,355.14,0.46749,907.593,357.086,0.490558,964.407,505.895,0.709687,1025.04,664.656,0.63541,874.303,353.176,0.364919,835.116,507.97,0.673411,805.723,664.646,0.710693,931.063,23.9967,0.736721,0,0,0,889.955,25.996,0.742513,0,0,0,858.635,678.384,0.459678,852.733,672.474,0.459009,790.086,682.267,0.668823,1097.62,658.786,0.390733,1083.87,668.568,0.345567,1017.27,682.328,0.527593
976.125,25.9551,0.754654,913.448,116.026,0.568611,917.398,116.048,0.637198,893.889,268.894,0.594545,868.38,382.546,0.679728,901.667,114.1,0.357163,948.664,259.129,0.419947,1015.37,319.848,0.614363,927.172,366.843,0.427519,948.677,368.802,0.468573,1001.64,511.877,0.658176,1068.22,666.662,0.67423,903.681,366.817,0.346369,864.479,509.877,0.710788,807.615,664.582,0.727746,0,0,0,964.477,5.3638,0.090742,919.371,25.9763,0.615503,0,0,0,868.395,686.179,0.508283,860.553,680.349,0.47487,790.083,680.286,0.689473,1136.84,654.857,0.53878,1128.94,664.687,0.470792,1060.42,686.188,0.584705
976.125,25.9551,0.754639,913.448,116.025,0.568623,917.398,116.048,0.637205,893.889,268.894,0.594537,868.381,382.546,0.679906,901.667,114.1,0.357168,948.664,259.129,0.419936,1015.37,319.849,0.614329,927.173,366.843,0.427553,948.678,368.802,0.468541,1001.64,511.874,0.658846,1068.22,666.661,0.674374,903.682,366.817,0.346448,864.477,509.878,0.710249,807.616,664.582,0.727645,0,0,0,964.477,5.3638,0.0907356,919.371,25.9763,0.615496,0,0,0,868.395,686.18,0.508277,860.553,680.35,0.474823,790.083,680.286,0.689372,1136.84,654.856,0.537263,1128.94,664.687,0.469552,1060.42,686.189,0.584418
995.759,33.8272,0.64841,931.136,116.115,0.573379,936.955,117.992,0.637217,915.442,274.794,0.604019,885.972,386.485,0.708078,919.357,116.048,0.341973,962.435,261.099,0.291266,1027.03,321.731,0.559676,944.828,368.841,0.457359,968.331,368.854,0.477032,1017.25,521.654,0.650627,1066.28,672.475,0.679506,919.373,368.803,0.383471,880.148,507.974,0.717199,811.562,654.879,0.68546,985.92,22.1153,0.639454,0,0,0,952.652,26.0217,0.738817,0,0,0,876.23,684.221,0.57042,868.425,680.242,0.556282,792.071,668.611,0.65078,1144.65,664.653,0.652057,1134.81,670.568,0.551884,1058.49,690.089,0.636875
1025.04,27.9395,0.775171,964.365,116.064,0.676796,982.004,116.12,0.676279,966.336,270.807,0.578746,932.995,392.33,0.648616,944.785,112.195,0.419331,929.158,280.63,0.16701,0,0,0,993.714,368.83,0.447117,1013.42,368.849,0.472358,1040.83,519.688,0.710143,1074.06,678.359,0.6915,968.306,368.819,0.378926,931.116,505.985,0.728865,835.117,633.341,0.706706,1007.44,20.0248,0.696007,1019.21,5.36121,0.114742,978.152,33.7885,0.672877,0,0,0,876.222,684.27,0.622575,872.32,680.315,0.589866,813.521,643.111,0.588197,1152.52,688.143,0.48415,1140.69,696.005,0.482209,1060.39,694.02,0.537594
1025.04,27.9376,0.776742,964.365,116.067,0.676441,982.005,116.124,0.675452,966.334,270.82,0.582465,932.995,392.336,0.651226,944.785,112.195,0.418736,929.155,280.633,0.167133,0,0,0,993.706,368.831,0.448071,1013.41,368.849,0.472251,1040.83,519.688,0.710348,1074.06,678.359,0.690781,968.296,368.821,0.38058,931.116,505.985,0.728826,835.116,633.341,0.706657,1007.44,20.0228,0.696488,1019.21,5.3611,0.116643,978.151,33.7883,0.673063,0,0,0,876.222,684.271,0.621748,872.32,680.315,0.588652,813.519,643.111,0.588387,1152.52,688.148,0.485841,1138.79,696.016,0.484498,1060.39,694.022,0.536573
1040.75,24.009,0.835523,980.054,116.008,0.730643,1003.59,114.1,0.648773,993.741,270.868,0.585874,968.354,384.538,0.640312,954.575,116.023,0.52616,946.747,266.939,0.239278,960.498,343.335,0.0576605,1011.41,353.167,0.511445,1029.02,353.156,0.526172,1056.46,521.638,0.722579,1074.06,676.37,0.68221,993.748,353.181,0.418621,976.151,498.115,0.718626,852.727,619.6,0.62852,1021.23,4.38612,0.799173,1036.84,5.35842,0.209407,989.815,23.9901,0.677498,0,0,0,880.155,688.145,0.541411,880.141,682.265,0.512053,831.154,627.415,0.443565,1156.36,692.101,0.447279,1144.61,697.914,0.431359,1060.39,690.142,0.585636
1085.89,31.8199,0.677498,1011.49,108.273,0.688104,1040.77,110.212,0.668112,1050.59,243.436,0.300657,1087.8,311.986,0.0817131,984.016,104.364,0.535541,0,0,0,0,0,0,1042.78,351.146,0.488454,1060.38,351.145,0.48751,1072.22,525.544,0.699853,1074.07,680.239,0.715566,1025.08,351.179,0.381999,1042.84,498.108,0.661255,915.463,590.26,0.694989,1074.13,22.0083,0.77994,0,0,0,1042.81,24.1312,0.869591,0,0,0,931.096,654.852,0.450882,931.051,647.031,0.415582,891.933,594.134,0.535226,1154.44,693.983,0.495846,1142.67,697.915,0.497387,1060.39,693.974,0.622181
1085.86,31.8559,0.649869,1011.49,108.28,0.686675,1040.76,110.226,0.665449,1050.58,243.439,0.303293,1085.87,313.961,0.0798599,985.917,104.359,0.535469,0,0,0,0,0,0,1042.8,351.148,0.486614,1060.39,351.152,0.48763,1072.22,525.547,0.699793,1074.07,680.262,0.711916,1025.1,351.175,0.381707,1042.84,498.105,0.660937,915.456,590.257,0.692933,1074.11,22.0214,0.7618,0,0,0,1042.8,25.9382,0.866046,0,0,0,931.084,654.856,0.450879,931.031,648.944,0.416265,891.905,594.115,0.531294,1154.45,692.071,0.468536,1142.67,697.899,0.473095,1060.39,694.004,0.620433
1105.53,29.9175,0.736128,1027.14,110.175,0.706423,1058.4,106.342,0.682642,1072.13,241.444,0.523692,1087.89,380.54,0.550489,995.807,108.261,0.560249,0,0,0,0,0,0,1050.56,349.203,0.467492,1064.32,347.264,0.464597,1080,521.623,0.64855,1074.11,680.342,0.71558,1030.99,349.202,0.388779,1070.14,498.133,0.601078,952.612,588.261,0.727194,1097.63,20.1223,0.761178,0,0,0,1058.47,23.9505,0.871584,0,0,0,989.881,617.675,0.466965,984.002,615.679,0.381958,933.039,592.159,0.570311,1150.49,688.131,0.526829,1134.83,695.997,0.507835,1060.42,695.915,0.590451
1136.77,26.01,0.474485,1060.35,104.349,0.663091,1087.87,102.414,0.697711,1117.17,239.477,0.535818,1166.15,355.087,0.56924,1029.08,106.275,0.484066,0,0,0,0,0,0,1074.11,347.269,0.487835,1089.76,345.296,0.492765,1097.59,511.843,0.579588,1074.13,676.383,0.710084,1058.42,349.185,0.386891,1087.83,494.244,0.390381,1040.79,603.865,0.577988,1121.21,16.133,0.402046,0,0,0,1089.77,23.9886,0.73151,0,0,0,0,0,0,0,0,0,1023.14,607.82,0.415344,1152.46,688.147,0.570295,1136.78,696.011,0.519627,1058.49,688.131,0.65775
1134.89,25.9498,0.476571,1058.5,104.364,0.664377,1087.87,102.411,0.698534,1117.18,239.485,0.537191,1166.15,355.087,0.569776,1029.07,106.291,0.48545,0,0,0,0,0,0,1074.13,347.27,0.486403,1089.77,345.295,0.493013,1097.63,511.85,0.571309,1074.12,676.383,0.711881,1058.43,349.19,0.38406,1132.82,488.302,0.384484,1040.81,602.003,0.574447,0,0,0,0,0,0,1089.74,23.9937,0.733749,0,0,0,0,0,0,0,0,0,1023.14,607.807,0.421394,1152.45,688.137,0.569951,1136.77,696.005,0.517752,1058.49,688.131,0.659393
1152.44,24.0049,0.599649,1076.03,112.137,0.634035,1103.54,104.393,0.645028,1136.81,243.374,0.677055,1185.75,321.847,0.738055,1044.73,114.121,0.442744,1032.98,261.085,0.356115,1044.69,357.096,0.501522,1089.83,343.345,0.499829,1109.35,343.361,0.492793,1101.55,511.821,0.686206,1074.16,678.311,0.689975,1072.17,343.322,0.392767,1158.37,476.555,0.521894,1072.15,633.287,0.198911,0,0,0,0,0,0,1109.35,23.965,0.773719,0,0,0,1150.49,693.983,0.0652381,0,0,0,0,0,0,1152.47,688.146,0.577725,1138.75,695.991,0.510256,1058.51,690.09,0.639252
1181.93,29.9033,0.697325,1107.44,112.14,0.638923,1136.74,104.386,0.646201,1189.71,241.414,0.577095,1262.11,313.967,0.438227,1076.09,116.057,0.456234,1058.42,259.087,0.50524,1056.42,353.127,0.636525,1125.07,347.238,0.453771,1138.76,347.261,0.449909,1115.21,507.887,0.647225,1076.04,670.504,0.665725,1109.37,345.289,0.335953,1197.45,478.574,0.616437,1170.14,631.353,0.432216,1170.1,20.0384,0.679335,0,0,0,1136.79,24.0141,0.780167,0,0,0,1217.17,650.897,0.228621,1217.12,643.105,0.239556,1152.51,646.974,0.24891,1152.5,692.08,0.410964,1134.83,697.918,0.391836,1060.38,684.277,0.637668
1181.93,31.8155,0.694682,1107.45,110.24,0.635666,1136.74,104.381,0.647616,1189.68,239.536,0.575061,1262.1,313.978,0.442905,1078.01,114.129,0.452437,1058.43,259.081,0.501864,1056.42,353.13,0.635169,1125.07,347.243,0.450896,1138.76,347.269,0.44957,1115.21,507.889,0.646577,1076.03,670.521,0.664659,1109.36,345.291,0.332905,1197.44,478.577,0.614533,1170.14,633.245,0.437056,1170.13,20.0606,0.679114,0,0,0,1136.8,24.01,0.77365,0,0,0,1219.12,650.918,0.236602,1219.07,645.026,0.246944,1152.51,646.991,0.255231,1154.41,692.079,0.408794,1134.84,697.924,0.390101,1060.38,684.295,0.633634
1199.46,29.9059,0.213648,1121.1,114.076,0.656967,1150.46,106.322,0.645699,1209.27,241.439,0.50141,1279.83,302.207,0.317627,1089.79,116.099,0.480228,1070.17,257.169,0.475123,1060.45,366.908,0.631344,1134.88,347.253,0.457528,1152.52,347.258,0.457182,1121.19,507.904,0.693727,1076.03,670.542,0.674456,1117.19,347.233,0.357401,1203.43,476.536,0.490441,1215.15,631.344,0.334537,1187.72,20.0619,0.272619,0,0,0,1156.36,25.9686,0.706046,0,0,0,1213.24,668.598,0.0608039,1228.95,666.641,0.0847286,1201.44,646.99,0.172929,1152.52,686.229,0.506185,1136.82,695.986,0.448224,1060.36,684.258,0.661064
1230.92,39.6611,0.315361,1152.52,118.105,0.661467,1181.81,116.089,0.671994,1244.52,245.423,0.718267,0,0,0,1123.1,127.814,0.493599,1101.55,263.022,0.505295,1085.82,368.785,0.665318,1164.19,351.203,0.443031,1181.83,351.186,0.444009,1140.69,511.821,0.692198,1077.99,668.583,0.659628,1142.69,351.18,0.339924,1226.95,492.202,0.524211,1266.11,609.784,0.371701,1224.94,24.0735,0.320533,0,0,0,1193.63,31.8095,0.689814,0,0,0,0,0,0,0,0,0,0,0,0,1154.42,692.065,0.474453,1136.8,697.924,0.432986,1060.45,682.336,0.657872
1230.92,39.6597,0.320498,1152.53,118.098,0.65919,1181.82,116.091,0.672837,1244.52,245.426,0.723154,0,0,0,1123.11,127.802,0.48765,1101.52,261.101,0.502897,1085.85,366.912,0.657303,1164.19,351.196,0.439859,1181.82,351.178,0.442709,1140.7,511.811,0.691406,1077.99,668.581,0.659319,1142.69,351.17,0.334064,1228.79,492.197,0.512318,1266.12,609.794,0.369764,1224.94,24.0711,0.324287,0,0,0,1193.63,29.923,0.690851,0,0,0,0,0,0,0,0,0,0,0,0,1154.42,692.069,0.47088,1136.8,697.927,0.43034,1060.45,682.334,0.658362
1246.43,37.7155,0.464095,1170.12,118.025,0.619733,1197.46,117.984,0.658837,1254.33,243.412,0.732531,0,0,0,1148.56,118.033,0.400557,1119.19,274.769,0.387659,1103.4,372.779,0.674884,1179.85,349.196,0.410384,1197.48,349.208,0.421178,1156.39,509.897,0.696456,1083.87,664.648,0.671003,1158.37,343.36,0.329038,1242.62,492.258,0.580232,1260.17,611.761,0.206599,1236.72,22.1172,0.390462,0,0,0,1205.37,35.7043,0.597625,0,0,0,0,0,0,0,0,0,1258.24,621.539,0.11451,1154.41,693.978,0.484324,1134.84,697.896,0.462746,1068.19,676.426,0.616226
1279.86,41.6487,0.244768,1199.48,123.956,0.662139,1228.89,118.117,0.687138,1279.83,243.42,0.449709,0,0,0,1168.1,129.807,0.481082,1150.45,276.716,0.439551,1148.49,374.704,0.465368,1219.08,353.109,0.383738,1236.69,353.153,0.412828,1195.56,509.914,0.622096,1089.8,658.741,0.642738,1199.5,351.155,0.291096,1279.84,502.027,0.114699,0,0,0,1279.85,27.9401,0.250106,0,0,0,1246.51,37.7407,0.482178,0,0,0,0,0,0,0,0,0,0,0,0,1158.35,695.92,0.535778,1142.65,697.91,0.485953,1072.14,666.614,0.641949
1279.88,49.4858,0.0870391,1215.23,131.721,0.628854,1246.48,131.723,0.6018,1279.86,247.371,0.221982,0,0,0,1183.84,131.739,0.453835,1168.09,284.544,0.375671,1170.09,384.465,0.335329,1232.81,359.003,0.358196,1252.36,360.978,0.391467,1224.94,511.846,0.508977,1103.5,648.931,0.611886,1213.21,357.043,0.283397,1217.15,509.922,0.185905,1105.49,647.016,0.279936,1279.87,26.0109,0.121132,0,0,0,1260.17,39.6705,0.569727,0,0,0,1152.49,696.021,0.195632,1158.35,688.155,0.20585,1074.08,648.97,0.14627,1156.39,696.005,0.541394,1136.8,697.902,0.46712,1083.92,650.974,0.586019
1279.88,49.4858,0.0870391,1215.23,131.721,0.628854,1246.48,131.723,0.6018,1279.86,247.371,0.221982,0,0,0,1183.84,131.739,0.453835,1168.09,284.544,0.375671,1170.09,384.465,0.335329,1232.81,359.003,0.358196,1252.36,360.978,0.391467,1224.94,511.846,0.508977,1103.5,648.931,0.611886,1213.21,357.043,0.283397,1217.15,509.922,0.185905,1105.49,647.016,0.279936,1279.87,26.0109,0.121132,0,0,0,1260.17,39.6705,0.569727,0,0,0,1152.49,696.021,0.195632,1158.35,688.155,0.20585,1074.08,648.97,0.14627,1156.39,696.005,0.541394,1136.8,697.902,0.46712,1083.92,650.974,0.586019
0,0,0,1242.61,119.984,0.48852,1279.83,118.022,0.355755,0,0,0,0,0,0,1203.42,120.019,0.485624,0,0,0,0,0,0,1252.4,341.372,0.276932,1279.82,337.467,0.278848,0,0,0,0,0,0,1232.84,347.259,0.293285,1279.83,462.881,0.0617389,0,0,0,0,0,0,0,0,0,1279.85,45.5753,0.133915,1232.78,49.4711,0.296314,0,0,0,0,0,0,0,0,0,0,0,0,0,0,0,0,0,0
NaN,NaN,NaN,NaN,NaN,NaN,NaN,NaN,NaN,NaN,NaN,NaN,NaN,NaN,NaN,NaN,NaN,NaN,NaN,NaN,NaN,NaN,NaN,NaN,NaN,NaN,NaN,NaN,NaN,NaN,NaN,NaN,NaN,NaN,NaN,NaN,NaN,NaN,NaN,NaN,NaN,NaN,NaN,NaN,NaN,NaN,NaN,NaN,NaN,NaN,NaN,NaN,NaN,NaN,NaN,NaN,NaN,NaN,NaN,NaN,NaN,NaN,NaN,NaN,NaN,NaN,NaN,NaN,NaN,NaN,NaN,NaN,NaN,NaN,NaN
NaN,NaN,NaN,NaN,NaN,NaN,NaN,NaN,NaN,NaN,NaN,NaN,NaN,NaN,NaN,NaN,NaN,NaN,NaN,NaN,NaN,NaN,NaN,NaN,NaN,NaN,NaN,NaN,NaN,NaN,NaN,NaN,NaN,NaN,NaN,NaN,NaN,NaN,NaN,NaN,NaN,NaN,NaN,NaN,NaN,NaN,NaN,NaN,NaN,NaN,NaN,NaN,NaN,NaN,NaN,NaN,NaN,NaN,NaN,NaN,NaN,NaN,NaN,NaN,NaN,NaN,NaN,NaN,NaN,NaN,NaN,NaN,NaN,NaN,NaN
NaN,NaN,NaN,NaN,NaN,NaN,NaN,NaN,NaN,NaN,NaN,NaN,NaN,NaN,NaN,NaN,NaN,NaN,NaN,NaN,NaN,NaN,NaN,NaN,NaN,NaN,NaN,NaN,NaN,NaN,NaN,NaN,NaN,NaN,NaN,NaN,NaN,NaN,NaN,NaN,NaN,NaN,NaN,NaN,NaN,NaN,NaN,NaN,NaN,NaN,NaN,NaN,NaN,NaN,NaN,NaN,NaN,NaN,NaN,NaN,NaN,NaN,NaN,NaN,NaN,NaN,NaN,NaN,NaN,NaN,NaN,NaN,NaN,NaN,NaN
NaN,NaN,NaN,NaN,NaN,NaN,NaN,NaN,NaN,NaN,NaN,NaN,NaN,NaN,NaN,NaN,NaN,NaN,NaN,NaN,NaN,NaN,NaN,NaN,NaN,NaN,NaN,NaN,NaN,NaN,NaN,NaN,NaN,NaN,NaN,NaN,NaN,NaN,NaN,NaN,NaN,NaN,NaN,NaN,NaN,NaN,NaN,NaN,NaN,NaN,NaN,NaN,NaN,NaN,NaN,NaN,NaN,NaN,NaN,NaN,NaN,NaN,NaN,NaN,NaN,NaN,NaN,NaN,NaN,NaN,NaN,NaN,NaN,NaN,NaN
NaN,NaN,NaN,NaN,NaN,NaN,NaN,NaN,NaN,NaN,NaN,NaN,NaN,NaN,NaN,NaN,NaN,NaN,NaN,NaN,NaN,NaN,NaN,NaN,NaN,NaN,NaN,NaN,NaN,NaN,NaN,NaN,NaN,NaN,NaN,NaN,NaN,NaN,NaN,NaN,NaN,NaN,NaN,NaN,NaN,NaN,NaN,NaN,NaN,NaN,NaN,NaN,NaN,NaN,NaN,NaN,NaN,NaN,NaN,NaN,NaN,NaN,NaN,NaN,NaN,NaN,NaN,NaN,NaN,NaN,NaN,NaN,NaN,NaN,NaN
NaN,NaN,NaN,NaN,NaN,NaN,NaN,NaN,NaN,NaN,NaN,NaN,NaN,NaN,NaN,NaN,NaN,NaN,NaN,NaN,NaN,NaN,NaN,NaN,NaN,NaN,NaN,NaN,NaN,NaN,NaN,NaN,NaN,NaN,NaN,NaN,NaN,NaN,NaN,NaN,NaN,NaN,NaN,NaN,NaN,NaN,NaN,NaN,NaN,NaN,NaN,NaN,NaN,NaN,NaN,NaN,NaN,NaN,NaN,NaN,NaN,NaN,NaN,NaN,NaN,NaN,NaN,NaN,NaN,NaN,NaN,NaN,NaN,NaN,NaN
NaN,NaN,NaN,NaN,NaN,NaN,NaN,NaN,NaN,NaN,NaN,NaN,NaN,NaN,NaN,NaN,NaN,NaN,NaN,NaN,NaN,NaN,NaN,NaN,NaN,NaN,NaN,NaN,NaN,NaN,NaN,NaN,NaN,NaN,NaN,NaN,NaN,NaN,NaN,NaN,NaN,NaN,NaN,NaN,NaN,NaN,NaN,NaN,NaN,NaN,NaN,NaN,NaN,NaN,NaN,NaN,NaN,NaN,NaN,NaN,NaN,NaN,NaN,NaN,NaN,NaN,NaN,NaN,NaN,NaN,NaN,NaN,NaN,NaN,NaN
NaN,NaN,NaN,NaN,NaN,NaN,NaN,NaN,NaN,NaN,NaN,NaN,NaN,NaN,NaN,NaN,NaN,NaN,NaN,NaN,NaN,NaN,NaN,NaN,NaN,NaN,NaN,NaN,NaN,NaN,NaN,NaN,NaN,NaN,NaN,NaN,NaN,NaN,NaN,NaN,NaN,NaN,NaN,NaN,NaN,NaN,NaN,NaN,NaN,NaN,NaN,NaN,NaN,NaN,NaN,NaN,NaN,NaN,NaN,NaN,NaN,NaN,NaN,NaN,NaN,NaN,NaN,NaN,NaN,NaN,NaN,NaN,NaN,NaN,NaN
NaN,NaN,NaN,NaN,NaN,NaN,NaN,NaN,NaN,NaN,NaN,NaN,NaN,NaN,NaN,NaN,NaN,NaN,NaN,NaN,NaN,NaN,NaN,NaN,NaN,NaN,NaN,NaN,NaN,NaN,NaN,NaN,NaN,NaN,NaN,NaN,NaN,NaN,NaN,NaN,NaN,NaN,NaN,NaN,NaN,NaN,NaN,NaN,NaN,NaN,NaN,NaN,NaN,NaN,NaN,NaN,NaN,NaN,NaN,NaN,NaN,NaN,NaN,NaN,NaN,NaN,NaN,NaN,NaN,NaN,NaN,NaN,NaN,NaN,NaN
NaN,NaN,NaN,NaN,NaN,NaN,NaN,NaN,NaN,NaN,NaN,NaN,NaN,NaN,NaN,NaN,NaN,NaN,NaN,NaN,NaN,NaN,NaN,NaN,NaN,NaN,NaN,NaN,NaN,NaN,NaN,NaN,NaN,NaN,NaN,NaN,NaN,NaN,NaN,NaN,NaN,NaN,NaN,NaN,NaN,NaN,NaN,NaN,NaN,NaN,NaN,NaN,NaN,NaN,NaN,NaN,NaN,NaN,NaN,NaN,NaN,NaN,NaN,NaN,NaN,NaN,NaN,NaN,NaN,NaN,NaN,NaN,NaN,NaN,NaN
NaN,NaN,NaN,NaN,NaN,NaN,NaN,NaN,NaN,NaN,NaN,NaN,NaN,NaN,NaN,NaN,NaN,NaN,NaN,NaN,NaN,NaN,NaN,NaN,NaN,NaN,NaN,NaN,NaN,NaN,NaN,NaN,NaN,NaN,NaN,NaN,NaN,NaN,NaN,NaN,NaN,NaN,NaN,NaN,NaN,NaN,NaN,NaN,NaN,NaN,NaN,NaN,NaN,NaN,NaN,NaN,NaN,NaN,NaN,NaN,NaN,NaN,NaN,NaN,NaN,NaN,NaN,NaN,NaN,NaN,NaN,NaN,NaN,NaN,NaN
NaN,NaN,NaN,NaN,NaN,NaN,NaN,NaN,NaN,NaN,NaN,NaN,NaN,NaN,NaN,NaN,NaN,NaN,NaN,NaN,NaN,NaN,NaN,NaN,NaN,NaN,NaN,NaN,NaN,NaN,NaN,NaN,NaN,NaN,NaN,NaN,NaN,NaN,NaN,NaN,NaN,NaN,NaN,NaN,NaN,NaN,NaN,NaN,NaN,NaN,NaN,NaN,NaN,NaN,NaN,NaN,NaN,NaN,NaN,NaN,NaN,NaN,NaN,NaN,NaN,NaN,NaN,NaN,NaN,NaN,NaN,NaN,NaN,NaN,NaN
NaN,NaN,NaN,NaN,NaN,NaN,NaN,NaN,NaN,NaN,NaN,NaN,NaN,NaN,NaN,NaN,NaN,NaN,NaN,NaN,NaN,NaN,NaN,NaN,NaN,NaN,NaN,NaN,NaN,NaN,NaN,NaN,NaN,NaN,NaN,NaN,NaN,NaN,NaN,NaN,NaN,NaN,NaN,NaN,NaN,NaN,NaN,NaN,NaN,NaN,NaN,NaN,NaN,NaN,NaN,NaN,NaN,NaN,NaN,NaN,NaN,NaN,NaN,NaN,NaN,NaN,NaN,NaN,NaN,NaN,NaN,NaN,NaN,NaN,NaN
NaN,NaN,NaN,NaN,NaN,NaN,NaN,NaN,NaN,NaN,NaN,NaN,NaN,NaN,NaN,NaN,NaN,NaN,NaN,NaN,NaN,NaN,NaN,NaN,NaN,NaN,NaN,NaN,NaN,NaN,NaN,NaN,NaN,NaN,NaN,NaN,NaN,NaN,NaN,NaN,NaN,NaN,NaN,NaN,NaN,NaN,NaN,NaN,NaN,NaN,NaN,NaN,NaN,NaN,NaN,NaN,NaN,NaN,NaN,NaN,NaN,NaN,NaN,NaN,NaN,NaN,NaN,NaN,NaN,NaN,NaN,NaN,NaN,NaN,NaN
